id,parcel_number_PIN,address,city,state,postal_code,county,property_class,inventory_type,structure_type,price,price_kind,asking_price,minimum_bid,bedrooms,full_baths,half_baths,square_footage,structure_sqft,parcel_sqft,parcel_length,parcel_width,current_status,occupied,neighborhood,latitude,longitude,thumb_image_url,comments
905482,31-21-203-003-0000,930 LAKE SUPERIOR DR,Matteson,IL,60443,Cook,Commercial Land,Vacant Land,Land,9999999.0,asking,9999999.0,0.0,,,,,,80120.0,,,Acquired,,,41.508905,-87.741131,/landmgmtpub/remote/public/property/viewImage/1628782/930 Lake Superior.jpg,"OFFERS DUE BY SEPTEMBER 24th, 2026 AT 3:00 PM, AWARD DATE OCTOBER 2nd, 2026 BY 5:00 PM. If you are interested in purchasing this parcel, submit an “Initial Application”, this will grant you access and offer instructions. NOTE: You must submit an “Initial Application” before an “Offer Application.” INITIAL APPLICATIONS RECEIVED AFTER SEPTEMBER 22nd, 2026 AT 3:00PM WILL NOT BE APPROVED."
905479,31-21-201-017-0000,4900 207TH ST,Matteson,IL,60443,Cook,Commercial Land,Vacant Land,Land,900000.0,minimum_bid,,900000.0,,,,,,681817.0,,,Acquired,,,41.512431,-87.735815,https://s3.amazonaws.com/ePropertyPlus/public/defaultPhotoNotAvailable.jpg,"OFFERS DUE BY SEPTEMBER 24th, 2026 AT 3:00 PM, AWARD DATE OCTOBER 2nd, 2026 BY 5:00 PM. If you are interested in purchasing this parcel, submit an “Initial Application”, this will grant you access and offer instructions. NOTE: You must submit an “Initial Application” before an “Offer Application.” INITIAL APPLICATIONS RECEIVED AFTER SEPTEMBER 22nd, 2026 AT 3:00PM WILL NOT BE APPROVED."
920518,20-15-316-008-0000,6155 S PRAIRIE AVE,Chicago,IL,60637,Cook,Industrial Structure,Industrial Property,Industrial ,521000.0,asking,521000.0,500000.0,,,,167000,167000,69253.0,,,Acquired,No,Washington Park,41.782432,-87.61844,/landmgmtpub/remote/public/property/viewImage/313539/IMG_0283.JPG,"OFFERS DUE BY SEPTEMBER 24th, 2026 AT 3:00 PM, AWARD DATE OCTOBER 2nd, 2026 BY 5:00 PM. If you are interested in purchasing this parcel, submit an “Initial Application”, this will grant you access and offer instructions. NOTE: You must submit an “Initial Application” before an “Offer Application.” INITIAL APPLICATIONS RECEIVED AFTER SEPTEMBER 22nd, 2026 AT 3:00PM WILL NOT BE APPROVED."
1001727,29-25-201-049-0000,2315 E 170TH ST,Lansing,IL,60438,Cook,Commercial Structure,Commercial Property,Commercial,450000.0,minimum_bid,,450000.0,,,,,,124758.0,,,Acquired,,,41.5864325,-87.5588115,/landmgmtpub/remote/public/property/viewImage/1715824/IMG_20241004_145227.jpg,"OFFERS DUE BY SEPTEMBER 24th, 2026 AT 3:00 PM, AWARD DATE OCTOBER 2nd, 2026 BY 5:00 PM. If you are interested in purchasing this parcel, submit an “Initial Application”, this will grant you access and offer instructions. NOTE: You must submit an “Initial Application” before an “Offer Application.” INITIAL APPLICATIONS RECEIVED AFTER SEPTEMBER 22nd, 2026 AT 3:00PM WILL NOT BE APPROVED."
909414,16-15-118-004-0000,306 S KOLMAR AVE,Chicago,IL,60624,Cook,Industrial Land,Vacant Land,Land,300000.0,asking,300000.0,217500.0,,,,,,84741.0,,,Acquired,,Austin,41.87669,-87.739805,/landmgmtpub/remote/public/property/viewImage/1151599/DSCN6795.jpeg,"OFFERS DUE BY SEPTEMBER 24th, 2026 AT 3:00 PM, AWARD DATE OCTOBER 2nd, 2026 BY 5:00 PM. If you are interested in purchasing this parcel, submit an “Initial Application”, this will grant you access and offer instructions. NOTE: You must submit an “Initial Application” before an “Offer Application.” INITIAL APPLICATIONS RECEIVED AFTER SEPTEMBER 22nd, 2026 AT 3:00PM WILL NOT BE APPROVED."
920527,16-15-118-005-0000,356 S KOLMAR AVE,Chicago,IL,60624,Cook,Industrial Land,Vacant Land,Land,300000.0,asking,300000.0,275000.0,,,,,,71183.0,,,Acquired,No,Austin,41.875881,-87.7398089,/landmgmtpub/remote/public/property/viewImage/1942316/Land.jpg,"OFFERS DUE BY SEPTEMBER 24th, 2026 AT 3:00 PM, AWARD DATE OCTOBER 2nd, 2026 BY 5:00 PM. If you are interested in purchasing this parcel, submit an “Initial Application”, this will grant you access and offer instructions. NOTE: You must submit an “Initial Application” before an “Offer Application.” INITIAL APPLICATIONS RECEIVED AFTER SEPTEMBER 22nd, 2026 AT 3:00PM WILL NOT BE APPROVED."
969377,16-22-403-032-0000,1630 S KEELER AVE,Chicago,IL,60623,Cook,Residential Land,Vacant Land,Land,279000.0,asking,279000.0,150000.0,,,,,,103335.0,,,Acquired,,North Lawndale,41.857828,-87.730552,/landmgmtpub/remote/public/property/viewImage/548010/WIN_20180425_11_43_04_Pro.jpg,"OFFERS DUE BY SEPTEMBER 24th, 2026 AT 3:00 PM, AWARD DATE OCTOBER 2nd, 2026 BY 5:00 PM. If you are interested in purchasing this parcel, submit an “Initial Application”, this will grant you access and offer instructions. NOTE: You must submit an “Initial Application” before an “Offer Application.” INITIAL APPLICATIONS RECEIVED AFTER SEPTEMBER 22nd, 2026 AT 3:00PM WILL NOT BE APPROVED."
968195,30-19-100-009-0000,1055 RIVER OAKS DR,Calumet City,IL,60409-5064,Cook,Commercial Structure,Commercial Property,Commercial,249900.0,asking,249900.0,249900.0,,,,,,7920.0,,,Acquired,,,41.6006435,-87.5505357,/landmgmtpub/remote/public/property/viewImage/1422742/IMG_1112.jpg,"OFFERS DUE BY SEPTEMBER 24th, 2026 AT 3:00 PM, AWARD DATE OCTOBER 2nd, 2026 BY 5:00 PM. If you are interested in purchasing this parcel, submit an “Initial Application”, this will grant you access and offer instructions. NOTE: You must submit an “Initial Application” before an “Offer Application.” INITIAL APPLICATIONS RECEIVED AFTER SEPTEMBER 22nd, 2026 AT 3:00PM WILL NOT BE APPROVED."
1235653,20-35-315-066-0000,834 E 87TH ST,Chicago,IL,60619.0,Cook,Commercial Structure,Commercial Property,Commercial,235500.0,minimum_bid,,235500.0,,,,,,12134.0,,,Acquired,No,Chatham,41.7368907,-87.6032135,/landmgmtpub/remote/public/property/viewImage/2275969/front view.jpg,"OFFERS DUE BY SEPTEMBER 24th, 2026 AT 3:00 PM, AWARD DATE OCTOBER 2nd, 2026 BY 5:00 PM. If you are interested in purchasing this parcel, submit an “Initial Application”, this will grant you access and offer instructions. NOTE: You must submit an “Initial Application” before an “Offer Application.” INITIAL APPLICATIONS RECEIVED AFTER SEPTEMBER 22nd, 2026 AT 3:00PM WILL NOT BE APPROVED."
999068,13-20-126-027-0000,6224 W ADDISON ST,Chicago,IL,60634,Cook,Commercial Structure,Commercial Property,Commercial,225000.0,asking,225000.0,202500.0,,,,,,3100.0,,,Acquired,,DUNNING,41.9458097,-87.7824495,/landmgmtpub/remote/public/property/viewImage/1337372/IMG_7168.jpg,"OFFERS DUE BY SEPTEMBER 24th, 2026 AT 3:00 PM, AWARD DATE OCTOBER 2nd, 2026 BY 5:00 PM. If you are interested in purchasing this parcel, submit an “Initial Application”, this will grant you access and offer instructions. NOTE: You must submit an “Initial Application” before an “Offer Application.” INITIAL APPLICATIONS RECEIVED AFTER SEPTEMBER 22nd, 2026 AT 3:00PM WILL NOT BE APPROVED."
905481,31-21-203-002-0000,940 LAKE SUPERIOR DR,Matteson,IL,60443,Cook,Commercial Land,Vacant Land,Land,221720.0,asking,221720.0,999999.0,,,,,,75956.0,,,Acquired,,,41.5082499,-87.740442,https://s3.amazonaws.com/ePropertyPlus/public/defaultPhotoNotAvailable.jpg,"OFFERS DUE BY SEPTEMBER 24th, 2026 AT 3:00 PM, AWARD DATE OCTOBER 2nd, 2026 BY 5:00 PM. If you are interested in purchasing this parcel, submit an “Initial Application”, this will grant you access and offer instructions. NOTE: You must submit an “Initial Application” before an “Offer Application.” INITIAL APPLICATIONS RECEIVED AFTER SEPTEMBER 22nd, 2026 AT 3:00PM WILL NOT BE APPROVED."
905483,31-21-203-004-0000,920 LAKE SUPERIOR DR,Matteson,IL,60443,Cook,Commercial Land,Vacant Land,Land,221720.0,asking,221720.0,99999999.0,,,,,,61723.0,,,Acquired,,,41.509548,-87.7412949,/landmgmtpub/remote/public/property/viewImage/1628893/920 Lake Superior.jpg,"OFFERS DUE BY SEPTEMBER 24th, 2026 AT 3:00 PM, AWARD DATE OCTOBER 2nd, 2026 BY 5:00 PM. If you are interested in purchasing this parcel, submit an “Initial Application”, this will grant you access and offer instructions. NOTE: You must submit an “Initial Application” before an “Offer Application.” INITIAL APPLICATIONS RECEIVED AFTER SEPTEMBER 22nd, 2026 AT 3:00PM WILL NOT BE APPROVED."
1232178,19-35-324-055-0000,3756 W 85th Pl,Chicago,IL,60652,Cook,Residential Structure,Residential Home - Homebuyer,Single Family,215000.0,minimum_bid,,215000.0,,,,2081,2081,4905.0,,,Acquired,,Ashburn,41.7378997,-87.7165112,/landmgmtpub/remote/public/property/viewImage/1747408/20240506_155022[1].jpg,"OFFERS DUE BY SEPTEMBER 24th, 2026 AT 3:00 PM, AWARD DATE OCTOBER 2nd, 2026 BY 5:00 PM. If you are interested in purchasing this parcel, submit an “Initial Application”, this will grant you access and offer instructions. NOTE: You must submit an “Initial Application” before an “Offer Application.” INITIAL APPLICATIONS RECEIVED AFTER SEPTEMBER 22nd, 2026 AT 3:00PM WILL NOT BE APPROVED."
909448,16-16-202-057-0000,4915 W MADISON ST,Chicago,IL,60644,Cook,Commercial Land,Vacant Land,Land,200000.0,asking,200000.0,200000.0,,,,,,40727.0,,,Acquired,No,Austin,41.880131,-87.747619,/landmgmtpub/remote/public/property/viewImage/1588089/Picture16.jpg,"OFFERS DUE BY SEPTEMBER 24th, 2026 AT 3:00 PM, AWARD DATE OCTOBER 2nd, 2026 BY 5:00 PM. If you are interested in purchasing this parcel, submit an “Initial Application”, this will grant you access and offer instructions. NOTE: You must submit an “Initial Application” before an “Offer Application.” INITIAL APPLICATIONS RECEIVED AFTER SEPTEMBER 22nd, 2026 AT 3:00PM WILL NOT BE APPROVED."
1004260,26-06-322-004-0000,2604 E 95TH ST,Chicago,IL,60617,Cook,Residential Land,Vacant Land,Land,199999.0,minimum_bid,,199999.0,,,,,,195915.0,,,Acquired,,CALUMET HEIGHTS,41.7228774,-87.5628753,https://s3.amazonaws.com/ePropertyPlus/public/defaultPhotoNotAvailable.jpg,"OFFERS DUE BY SEPTEMBER 24th, 2026 AT 3:00 PM, AWARD DATE OCTOBER 2nd, 2026 BY 5:00 PM. If you are interested in purchasing this parcel, submit an “Initial Application”, this will grant you access and offer instructions. NOTE: You must submit an “Initial Application” before an “Offer Application.” INITIAL APPLICATIONS RECEIVED AFTER SEPTEMBER 22nd, 2026 AT 3:00PM WILL NOT BE APPROVED."
971480,26-06-211-024-0000,8800 S BALTIMORE AVE,Chicago,IL,60617,Cook,Residential Land,Vacant Land,Land,199000.0,asking,199000.0,8652.0,,,,,,57370.0,,,Acquired,,South Chicago,41.735428,-87.549001,/landmgmtpub/remote/public/property/viewImage/1048746/DSC08376.JPG,"OFFERS DUE BY SEPTEMBER 24th, 2026 AT 3:00 PM, AWARD DATE OCTOBER 2nd, 2026 BY 5:00 PM. If you are interested in purchasing this parcel, submit an “Initial Application”, this will grant you access and offer instructions. NOTE: You must submit an “Initial Application” before an “Offer Application.” INITIAL APPLICATIONS RECEIVED AFTER SEPTEMBER 22nd, 2026 AT 3:00PM WILL NOT BE APPROVED."
1002587,20-19-215-035-0000,6452 S ASHLAND AVE,Chicago,IL,60636,Cook,Commercial Structure,Commercial Property,Commercial,199000.0,asking,199000.0,100000.0,,,,,,3083.0,,,Acquired,,Englewood - West,41.7760923,-87.6644031,/landmgmtpub/remote/public/property/viewImage/1413521/20240105_101430.jpg,"OFFERS DUE BY SEPTEMBER 24th, 2026 AT 3:00 PM, AWARD DATE OCTOBER 2nd, 2026 BY 5:00 PM. If you are interested in purchasing this parcel, submit an “Initial Application”, this will grant you access and offer instructions. NOTE: You must submit an “Initial Application” before an “Offer Application.” INITIAL APPLICATIONS RECEIVED AFTER SEPTEMBER 22nd, 2026 AT 3:00PM WILL NOT BE APPROVED."
1002589,20-19-215-037-0000,6444 S ASHLAND AVE,Chicago,IL,60636,Cook,Commercial Land,Vacant Land,Land,199000.0,asking,199000.0,100000.0,,,,,,6074.0,,,Acquired,,Englewood - West,41.7763187,-87.6644937,/landmgmtpub/remote/public/property/viewImage/1728079/Ashland.jpg,"OFFERS DUE BY SEPTEMBER 24th, 2026 AT 3:00 PM, AWARD DATE OCTOBER 2nd, 2026 BY 5:00 PM. If you are interested in purchasing this parcel, submit an “Initial Application”, this will grant you access and offer instructions. NOTE: You must submit an “Initial Application” before an “Offer Application.” INITIAL APPLICATIONS RECEIVED AFTER SEPTEMBER 22nd, 2026 AT 3:00PM WILL NOT BE APPROVED."
920589,20-31-206-001-0000,1655 W 79TH ST,Chicago,IL,60620,Cook,Commercial Structure,Commercial Property,Commercial,180000.0,asking,180000.0,90000.0,,,,,,7188.0,,,Acquired,No,Auburn Gresham,41.750075,-87.665628,/landmgmtpub/remote/public/property/viewImage/643372/DSC00254.JPG,"OFFERS DUE BY SEPTEMBER 24th, 2026 AT 3:00 PM, AWARD DATE OCTOBER 2nd, 2026 BY 5:00 PM. If you are interested in purchasing this parcel, submit an “Initial Application”, this will grant you access and offer instructions. NOTE: You must submit an “Initial Application” before an “Offer Application.” INITIAL APPLICATIONS RECEIVED AFTER SEPTEMBER 22nd, 2026 AT 3:00PM WILL NOT BE APPROVED."
969375,16-22-207-001-0000,4015 W ROOSEVELT RD,Chicago,IL,60624-3938,Cook,Residential Land,Vacant Land,Land,175000.0,asking,175000.0,175000.0,,,,,,25236.0,,,Acquired,,North Lawndale,41.8661583,-87.725826,/landmgmtpub/remote/public/property/viewImage/1128786/IMG_3249.jpg,"OFFERS DUE BY SEPTEMBER 24th, 2026 AT 3:00 PM, AWARD DATE OCTOBER 2nd, 2026 BY 5:00 PM. If you are interested in purchasing this parcel, submit an “Initial Application”, this will grant you access and offer instructions. NOTE: You must submit an “Initial Application” before an “Offer Application.” INITIAL APPLICATIONS RECEIVED AFTER SEPTEMBER 22nd, 2026 AT 3:00PM WILL NOT BE APPROVED."
920616,20-32-230-023-0000,8214 S HALSTED ST,Chicago,IL,60620,Cook,Commercial Land,Vacant Land,Land,150000.0,asking,150000.0,99000.0,,,,,,2950.0,,,Acquired,No,Auburn Gresham,41.744658,-87.644207,/landmgmtpub/remote/public/property/viewImage/313343/IMG_0226.JPG,"OFFERS DUE BY SEPTEMBER 24th, 2026 AT 3:00 PM, AWARD DATE OCTOBER 2nd, 2026 BY 5:00 PM. If you are interested in purchasing this parcel, submit an “Initial Application”, this will grant you access and offer instructions. NOTE: You must submit an “Initial Application” before an “Offer Application.” INITIAL APPLICATIONS RECEIVED AFTER SEPTEMBER 22nd, 2026 AT 3:00PM WILL NOT BE APPROVED."
963983,20-17-229-033-0000,900 W 59TH ST,Chicago,IL,60621-2102,Cook,Residential Structure,Residential Home,Mixed Use,149000.0,asking,149000.0,80000.0,,,,,,8213.0,,,Acquired,No,Englewood - East,41.7872272,-87.6476538,/landmgmtpub/remote/public/property/viewImage/1045295/DSC08297.JPG,"OFFERS DUE BY SEPTEMBER 24th, 2026 AT 3:00 PM, AWARD DATE OCTOBER 2nd, 2026 BY 5:00 PM. If you are interested in purchasing this parcel, submit an “Initial Application”, this will grant you access and offer instructions. NOTE: You must submit an “Initial Application” before an “Offer Application.” INITIAL APPLICATIONS RECEIVED AFTER SEPTEMBER 22nd, 2026 AT 3:00PM WILL NOT BE APPROVED."
968244,31-04-200-005-0000,5100 183RD ST,Tinley Park,IL,60478,Cook,Commercial Land,Vacant Land,Land,149000.0,minimum_bid,,149000.0,,,,,,65209.0,,,Acquired,,,41.5563999,-87.74029,/landmgmtpub/remote/public/property/viewImage/1791934/Land_4_Sale.jpg,"OFFERS DUE BY SEPTEMBER 24th, 2026 AT 3:00 PM, AWARD DATE OCTOBER 2nd, 2026 BY 5:00 PM. If you are interested in purchasing this parcel, submit an “Initial Application”, this will grant you access and offer instructions. NOTE: You must submit an “Initial Application” before an “Offer Application.” INITIAL APPLICATIONS RECEIVED AFTER SEPTEMBER 22nd, 2026 AT 3:00PM WILL NOT BE APPROVED."
1239298,31-20-201-050-0000,5640  211TH PKY,Matteson,IL,60443.0,Cook,Commercial Land,Vacant Land,,135000.0,minimum_bid,,135000.0,,,,,,54033.0,,,Acquired,,,41.5065641,-87.7523738,https://s3.amazonaws.com/ePropertyPlus/public/defaultPhotoNotAvailable.jpg,"OFFERS DUE BY SEPTEMBER 24th, 2026 AT 3:00 PM, AWARD DATE OCTOBER 2nd, 2026 BY 5:00 PM. If you are interested in purchasing this parcel, submit an “Initial Application”, this will grant you access and offer instructions. NOTE: You must submit an “Initial Application” before an “Offer Application.” INITIAL APPLICATIONS RECEIVED AFTER SEPTEMBER 22nd, 2026 AT 3:00PM WILL NOT BE APPROVED."
909005,16-09-428-016-0000,4815 W WASHINGTON BLVD,Chicago,IL,60644,Cook,Commercial Land,Vacant Land,Land,125000.0,asking,125000.0,125000.0,,,,,,27125.0,,,Acquired,,Austin,41.881433,-87.74573,/landmgmtpub/remote/public/property/viewImage/1340332/IMG_1273.jpeg,"OFFERS DUE BY SEPTEMBER 24th, 2026 AT 3:00 PM, AWARD DATE OCTOBER 2nd, 2026 BY 5:00 PM. If you are interested in purchasing this parcel, submit an “Initial Application”, this will grant you access and offer instructions. NOTE: You must submit an “Initial Application” before an “Offer Application.” INITIAL APPLICATIONS RECEIVED AFTER SEPTEMBER 22nd, 2026 AT 3:00PM WILL NOT BE APPROVED."
1239312,31-24-208-023-0000,2605  LINCOLN HWY,Olympia Fields,IL,60461.0,Cook,Commercial Land,Vacant Land,,108500.0,minimum_bid,,108500.0,,,,,,23791.0,,,Acquired,,,41.5066685,-87.67987330000001,https://s3.amazonaws.com/ePropertyPlus/public/defaultPhotoNotAvailable.jpg,"OFFERS DUE BY SEPTEMBER 24th, 2026 AT 3:00 PM, AWARD DATE OCTOBER 2nd, 2026 BY 5:00 PM. If you are interested in purchasing this parcel, submit an “Initial Application”, this will grant you access and offer instructions. NOTE: You must submit an “Initial Application” before an “Offer Application.” INITIAL APPLICATIONS RECEIVED AFTER SEPTEMBER 22nd, 2026 AT 3:00PM WILL NOT BE APPROVED."
1239313,31-24-208-033-0000,2605  LINCOLN HWY,Olympia Fields,IL,60461.0,Cook,Commercial Structure,Commercial Property,,108500.0,minimum_bid,,108500.0,,,,,,85298.0,,,Acquired,,,41.5066685,-87.67987330000001,https://s3.amazonaws.com/ePropertyPlus/public/defaultPhotoNotAvailable.jpg,"OFFERS DUE BY SEPTEMBER 24th, 2026 AT 3:00 PM, AWARD DATE OCTOBER 2nd, 2026 BY 5:00 PM. If you are interested in purchasing this parcel, submit an “Initial Application”, this will grant you access and offer instructions. NOTE: You must submit an “Initial Application” before an “Offer Application.” INITIAL APPLICATIONS RECEIVED AFTER SEPTEMBER 22nd, 2026 AT 3:00PM WILL NOT BE APPROVED."
1239314,31-24-208-034-0000,2605  LINCOLN HWY,Olympia Fields,IL,60461,Cook,Commercial Structure,Commercial Property,,108500.0,minimum_bid,,108500.0,,,,,,13850.0,,,Acquired,,,41.5066685,-87.6798733,https://s3.amazonaws.com/ePropertyPlus/public/defaultPhotoNotAvailable.jpg,"OFFERS DUE BY SEPTEMBER 24th, 2026 AT 3:00 PM, AWARD DATE OCTOBER 2nd, 2026 BY 5:00 PM. If you are interested in purchasing this parcel, submit an “Initial Application”, this will grant you access and offer instructions. NOTE: You must submit an “Initial Application” before an “Offer Application.” INITIAL APPLICATIONS RECEIVED AFTER SEPTEMBER 22nd, 2026 AT 3:00PM WILL NOT BE APPROVED."
1235254,19-24-202-043-0000,2653 W 63RD ST,Chicago,IL,60629,Cook,Commercial Structure,Commercial Property,Commercial,107000.0,minimum_bid,,107000.0,,,,,,7180.0,,,Acquired,No,Chicago Lawn,41.7789001,-87.6905411,/landmgmtpub/remote/public/property/viewImage/2265487/2653 W 63rd st.jpg,"OFFERS DUE BY SEPTEMBER 24th, 2026 AT 3:00 PM, AWARD DATE OCTOBER 2nd, 2026 BY 5:00 PM. If you are interested in purchasing this parcel, submit an “Initial Application”, this will grant you access and offer instructions. NOTE: You must submit an “Initial Application” before an “Offer Application.” INITIAL APPLICATIONS RECEIVED AFTER SEPTEMBER 22nd, 2026 AT 3:00PM WILL NOT BE APPROVED."
910389,25-03-207-014-0000,741 E 87th Pl,Chicago,IL,60619-6809,Cook,Industrial Structure,Industrial Property,Industrial ,100000.0,asking,100000.0,100000.0,,,,,,12036.0,,,Acquired,No,Chatham,41.7354569,-87.605667,https://s3.amazonaws.com/ePropertyPlus/public/defaultPhotoNotAvailable.jpg,"OFFERS DUE BY SEPTEMBER 24th, 2026 AT 3:00 PM, AWARD DATE OCTOBER 2nd, 2026 BY 5:00 PM. If you are interested in purchasing this parcel, submit an “Initial Application”, this will grant you access and offer instructions. NOTE: You must submit an “Initial Application” before an “Offer Application.” INITIAL APPLICATIONS RECEIVED AFTER SEPTEMBER 22nd, 2026 AT 3:00PM WILL NOT BE APPROVED."
963456,16-33-210-014-0000,5128 W 32ND PL,Cicero,IL,60804-4036,Cook,Commercial Land,Vacant Land,Land,100000.0,asking,100000.0,39000.0,,,,,,5601.0,,,Acquired,,,41.834052,-87.753349,/landmgmtpub/remote/public/property/viewImage/566982/WIN_20180723_12_55_33_Pro.jpg,"OFFERS DUE BY SEPTEMBER 24th, 2026 AT 3:00 PM, AWARD DATE OCTOBER 2nd, 2026 BY 5:00 PM. If you are interested in purchasing this parcel, submit an “Initial Application”, this will grant you access and offer instructions. NOTE: You must submit an “Initial Application” before an “Offer Application.” INITIAL APPLICATIONS RECEIVED AFTER SEPTEMBER 22nd, 2026 AT 3:00PM WILL NOT BE APPROVED."
905470,31-16-403-015-0000,20602 S CICERO AVE,Matteson,IL,60443,Cook,Commercial Land,Vacant Land,Land,99999.0,minimum_bid,,99999.0,,,,,,139392.0,,,Acquired,,,41.5153265,-87.7325344,/landmgmtpub/remote/public/property/viewImage/1628910/20602 S Cicero.jpg,"OFFERS DUE BY SEPTEMBER 24th, 2026 AT 3:00 PM, AWARD DATE OCTOBER 2nd, 2026 BY 5:00 PM. If you are interested in purchasing this parcel, submit an “Initial Application”, this will grant you access and offer instructions. NOTE: You must submit an “Initial Application” before an “Offer Application.” INITIAL APPLICATIONS RECEIVED AFTER SEPTEMBER 22nd, 2026 AT 3:00PM WILL NOT BE APPROVED."
965571,25-22-310-007-0000,11725 S MICHIGAN AVE,Chicago,IL,60628-5646,Cook,Commercial Structure,Commercial Property,Commercial,99999.0,minimum_bid,,99999.0,,,,,,4344.0,,,Acquired,No,West Pullman,41.680861,-87.620238,/landmgmtpub/remote/public/property/viewImage/609408/DSC01163.JPG,"OFFERS DUE BY SEPTEMBER 24th, 2026 AT 3:00 PM, AWARD DATE OCTOBER 2nd, 2026 BY 5:00 PM. If you are interested in purchasing this parcel, submit an “Initial Application”, this will grant you access and offer instructions. NOTE: You must submit an “Initial Application” before an “Offer Application.” INITIAL APPLICATIONS RECEIVED AFTER SEPTEMBER 22nd, 2026 AT 3:00PM WILL NOT BE APPROVED."
920515,20-26-129-007-0000,7440 S SOUTH CHICAGO AVE,Chicago,IL,60619,Cook,Industrial Land,Vacant Land,Industrial ,99000.0,asking,99000.0,80000.0,,,,,,23916.0,,,Acquired,No,Grand Crossing,41.7592759,-87.5968483,/landmgmtpub/remote/public/property/viewImage/1870326/Land.jpg,"OFFERS DUE BY SEPTEMBER 24th, 2026 AT 3:00 PM, AWARD DATE OCTOBER 2nd, 2026 BY 5:00 PM. If you are interested in purchasing this parcel, submit an “Initial Application”, this will grant you access and offer instructions. NOTE: You must submit an “Initial Application” before an “Offer Application.” INITIAL APPLICATIONS RECEIVED AFTER SEPTEMBER 22nd, 2026 AT 3:00PM WILL NOT BE APPROVED."
963383,16-26-200-035-0000,3543 W CERMAK RD,Chicago,IL,60623-3131,Cook,Commercial Land,Commercial Property,Land,99000.0,asking,99000.0,17000.0,,,,,,6700.0,,,Acquired,,Little Village,41.8514734,-87.7142502,/landmgmtpub/remote/public/property/viewImage/1128813/IMG_3256.jpg,"OFFERS DUE BY SEPTEMBER 24th, 2026 AT 3:00 PM, AWARD DATE OCTOBER 2nd, 2026 BY 5:00 PM. If you are interested in purchasing this parcel, submit an “Initial Application”, this will grant you access and offer instructions. NOTE: You must submit an “Initial Application” before an “Offer Application.” INITIAL APPLICATIONS RECEIVED AFTER SEPTEMBER 22nd, 2026 AT 3:00PM WILL NOT BE APPROVED."
963425,16-28-407-015-0000,5001 W OGDEN AVE,Cicero,IL,60804-3536,Cook,Commercial Structure,Commercial Property,Commercial,99000.0,asking,99000.0,99000.0,,,,,,2308.0,,,Acquired,No,,41.8420544,-87.7492671,/landmgmtpub/remote/public/property/viewImage/1462011/IMG_5865.JPG,"OFFERS DUE BY SEPTEMBER 24th, 2026 AT 3:00 PM, AWARD DATE OCTOBER 2nd, 2026 BY 5:00 PM. If you are interested in purchasing this parcel, submit an “Initial Application”, this will grant you access and offer instructions. NOTE: You must submit an “Initial Application” before an “Offer Application.” INITIAL APPLICATIONS RECEIVED AFTER SEPTEMBER 22nd, 2026 AT 3:00PM WILL NOT BE APPROVED."
999536,16-28-200-010-0000,5115 W CERMAK RD,Cicero,IL,60804,Cook,Commercial Structure,Commercial Property,Commercial,99000.0,asking,99000.0,99000.0,,,,,,3750.0,,,Acquired,,,41.8506975,-87.7526139,/landmgmtpub/remote/public/property/viewImage/1593636/IMG_3148.jpg,"OFFERS DUE BY SEPTEMBER 24th, 2026 AT 3:00 PM, AWARD DATE OCTOBER 2nd, 2026 BY 5:00 PM. If you are interested in purchasing this parcel, submit an “Initial Application”, this will grant you access and offer instructions. NOTE: You must submit an “Initial Application” before an “Offer Application.” INITIAL APPLICATIONS RECEIVED AFTER SEPTEMBER 22nd, 2026 AT 3:00PM WILL NOT BE APPROVED."
1002790,16-02-304-005-0000,3747 W DIVISION ST,Chicago,IL,60651,Cook,Residential Land,Vacant Land,Land,99000.0,asking,99000.0,99900.0,,,,,,6000.0,,,Acquired,,HUMBOLDT PARK,41.9023395,-87.7208404,/landmgmtpub/remote/public/property/viewImage/1288103/3747 W Division.JPEG,"OFFERS DUE BY SEPTEMBER 24th, 2026 AT 3:00 PM, AWARD DATE OCTOBER 2nd, 2026 BY 5:00 PM. If you are interested in purchasing this parcel, submit an “Initial Application”, this will grant you access and offer instructions. NOTE: You must submit an “Initial Application” before an “Offer Application.” INITIAL APPLICATIONS RECEIVED AFTER SEPTEMBER 22nd, 2026 AT 3:00PM WILL NOT BE APPROVED."
1235531,20-27-405-003-0000,645 E 75TH ST,Chicago,IL,60619.0,Cook,Commercial Structure,Commercial Property,Commercial,95000.0,asking,95000.0,95000.0,,,,,,2501.0,,,Acquired,No,Grand Crossing,41.758334,-87.60856799999999,/landmgmtpub/remote/public/property/viewImage/2240041/1.jpeg,"OFFERS DUE BY SEPTEMBER 24th, 2026 AT 3:00 PM, AWARD DATE OCTOBER 2nd, 2026 BY 5:00 PM. If you are interested in purchasing this parcel, submit an “Initial Application”, this will grant you access and offer instructions. NOTE: You must submit an “Initial Application” before an “Offer Application.” INITIAL APPLICATIONS RECEIVED AFTER SEPTEMBER 22nd, 2026 AT 3:00PM WILL NOT BE APPROVED."
1235552,20-28-223-017-0000,356 W 75TH ST,Chicago,IL,60621.0,Cook,Commercial Structure,Commercial Property,Commercial,90000.0,asking,90000.0,90000.0,,,,,,5576.0,,,Acquired,No,Grand Crossing,41.7581983,-87.6341738,/landmgmtpub/remote/public/property/viewImage/2234937/1 - 356 W 75th St.jpeg,"OFFERS DUE BY SEPTEMBER 24th, 2026 AT 3:00 PM, AWARD DATE OCTOBER 2nd, 2026 BY 5:00 PM. If you are interested in purchasing this parcel, submit an “Initial Application”, this will grant you access and offer instructions. NOTE: You must submit an “Initial Application” before an “Offer Application.” INITIAL APPLICATIONS RECEIVED AFTER SEPTEMBER 22nd, 2026 AT 3:00PM WILL NOT BE APPROVED."
953020,19-24-408-034-0000,2614 W 69TH ST,Chicago,IL,60629,Cook,Mixed-Use,Commercial Property,Mixed Use,85000.0,asking,85000.0,85000.0,,,,3825,3825,3125.0,,,Acquired,No,Chicago Lawn,41.7684677,-87.6889902,/landmgmtpub/remote/public/property/viewImage/1467548/IMG_3272.jpg,"OFFERS DUE BY SEPTEMBER 24th, 2026 AT 3:00 PM, AWARD DATE OCTOBER 2nd, 2026 BY 5:00 PM. If you are interested in purchasing this parcel, submit an “Initial Application”, this will grant you access and offer instructions. NOTE: You must submit an “Initial Application” before an “Offer Application.” INITIAL APPLICATIONS RECEIVED AFTER SEPTEMBER 22nd, 2026 AT 3:00PM WILL NOT BE APPROVED."
966663,28-26-300-025-0000,3700 172ND ST,Country Club Hills,IL,60478-4622,Cook,Residential Land,Vacant Land,Single Family,85000.0,asking,85000.0,150000.0,,,,2114,2114,74396.0,,,Acquired,,,41.5769799,-87.7081859,https://s3.amazonaws.com/ePropertyPlus/public/defaultPhotoNotAvailable.jpg,"OFFERS DUE BY SEPTEMBER 24th, 2026 AT 3:00 PM, AWARD DATE OCTOBER 2nd, 2026 BY 5:00 PM. If you are interested in purchasing this parcel, submit an “Initial Application”, this will grant you access and offer instructions. NOTE: You must submit an “Initial Application” before an “Offer Application.” INITIAL APPLICATIONS RECEIVED AFTER SEPTEMBER 22nd, 2026 AT 3:00PM WILL NOT BE APPROVED."
1001866,30-08-300-025-0000,505 BURNHAM AVE,Calumet City,IL,60409,Cook,Commercial Structure,Commercial Property,Commercial,80550.0,asking,80550.0,85000.0,,,,,,8868.0,,,Acquired,,,41.621756,-87.539235,/landmgmtpub/remote/public/property/viewImage/1422506/IMG_1062.jpg,"OFFERS DUE BY SEPTEMBER 24th, 2026 AT 3:00 PM, AWARD DATE OCTOBER 2nd, 2026 BY 5:00 PM. If you are interested in purchasing this parcel, submit an “Initial Application”, this will grant you access and offer instructions. NOTE: You must submit an “Initial Application” before an “Offer Application.” INITIAL APPLICATIONS RECEIVED AFTER SEPTEMBER 22nd, 2026 AT 3:00PM WILL NOT BE APPROVED."
905442,15-15-234-055-0000,1610 N MAYWOOD DR,Maywood,IL,60153,Cook,Commercial Land,Vacant Land,Land,80000.0,asking,80000.0,59000.0,,,,,,19150.0,,,Acquired,,,41.877552,-87.853092,/landmgmtpub/remote/public/property/viewImage/1365153/IMG_20230907_131019.jpg,"OFFERS DUE BY SEPTEMBER 24th, 2026 AT 3:00 PM, AWARD DATE OCTOBER 2nd, 2026 BY 5:00 PM. If you are interested in purchasing this parcel, submit an “Initial Application”, this will grant you access and offer instructions. NOTE: You must submit an “Initial Application” before an “Offer Application.” INITIAL APPLICATIONS RECEIVED AFTER SEPTEMBER 22nd, 2026 AT 3:00PM WILL NOT BE APPROVED."
967742,29-20-210-025-0000,16012 HALSTED ST,Harvey,IL,60426-5259,Cook,Commercial Structure,Commercial Property,Commercial,80000.0,asking,80000.0,90000.0,,,,,,2725.0,,,Acquired,,,41.598559,-87.63681,/landmgmtpub/remote/public/property/viewImage/1512823/IMG_20240717_125101.jpg,"OFFERS DUE BY SEPTEMBER 24th, 2026 AT 3:00 PM, AWARD DATE OCTOBER 2nd, 2026 BY 5:00 PM. If you are interested in purchasing this parcel, submit an “Initial Application”, this will grant you access and offer instructions. NOTE: You must submit an “Initial Application” before an “Offer Application.” INITIAL APPLICATIONS RECEIVED AFTER SEPTEMBER 22nd, 2026 AT 3:00PM WILL NOT BE APPROVED."
969197,16-10-325-001-0000,4663 W WEST END AVE,Chicago,IL,60644-2750,Cook,Residential Land,Vacant Land,Land,80000.0,asking,80000.0,80000.0,,,,,,11551.0,,,Acquired,,Austin,41.882747,-87.742626,/landmgmtpub/remote/public/property/viewImage/704501/IMG_5495.JPG,"OFFERS DUE BY SEPTEMBER 24th, 2026 AT 3:00 PM, AWARD DATE OCTOBER 2nd, 2026 BY 5:00 PM. If you are interested in purchasing this parcel, submit an “Initial Application”, this will grant you access and offer instructions. NOTE: You must submit an “Initial Application” before an “Offer Application.” INITIAL APPLICATIONS RECEIVED AFTER SEPTEMBER 22nd, 2026 AT 3:00PM WILL NOT BE APPROVED."
905467,31-16-309-068-0000,400 W CENTRAL AVE,Matteson,IL,60443,Cook,Commercial Land,Vacant Land,Land,77516.0,asking,77516.0,99900.0,,,,,,388119.0,,,Acquired,,,41.517908,-87.750444,/landmgmtpub/remote/public/property/viewImage/1628757/400 Central Ave.jpg,"OFFERS DUE BY SEPTEMBER 24th, 2026 AT 3:00 PM, AWARD DATE OCTOBER 2nd, 2026 BY 5:00 PM. If you are interested in purchasing this parcel, submit an “Initial Application”, this will grant you access and offer instructions. NOTE: You must submit an “Initial Application” before an “Offer Application.” INITIAL APPLICATIONS RECEIVED AFTER SEPTEMBER 22nd, 2026 AT 3:00PM WILL NOT BE APPROVED."
963847,20-16-400-036-0000,5924 S PRINCETON AVE,Chicago,IL,60621-3314,Cook,Residential Land,Vacant Land,Land,75000.0,asking,75000.0,3000.0,,,,,,2525.0,,,Acquired,,Englewood - East,41.7864514,-87.6330337,/landmgmtpub/remote/public/property/viewImage/1180586/Land.jpg,"OFFERS DUE BY SEPTEMBER 24th, 2026 AT 3:00 PM, AWARD DATE OCTOBER 2nd, 2026 BY 5:00 PM. If you are interested in purchasing this parcel, submit an “Initial Application”, this will grant you access and offer instructions. NOTE: You must submit an “Initial Application” before an “Offer Application.” INITIAL APPLICATIONS RECEIVED AFTER SEPTEMBER 22nd, 2026 AT 3:00PM WILL NOT BE APPROVED."
967281,29-10-107-022-0000,516 SIBLEY BLVD,Dolton,IL,60419-2506,Cook,Industrial Structure,Industrial Property,Industrial ,75000.0,asking,75000.0,75000.0,,,,,,8219.401019,,,Acquired,No,,41.6228165,-87.6090952,/landmgmtpub/remote/public/property/viewImage/853677/DSC06976.JPG,"OFFERS DUE BY SEPTEMBER 24th, 2026 AT 3:00 PM, AWARD DATE OCTOBER 2nd, 2026 BY 5:00 PM. If you are interested in purchasing this parcel, submit an “Initial Application”, this will grant you access and offer instructions. NOTE: You must submit an “Initial Application” before an “Offer Application.” INITIAL APPLICATIONS RECEIVED AFTER SEPTEMBER 22nd, 2026 AT 3:00PM WILL NOT BE APPROVED."
1235492,20-25-224-027-0000,2156 E 75TH ST,Chicago,IL,60649.0,Cook,Commercial Structure,Commercial Property,Mixed Use,75000.0,minimum_bid,,75000.0,,,,,,13611.0,,,Acquired,No,South Shore,41.7590349,-87.57143169999999,https://s3.amazonaws.com/ePropertyPlus/public/defaultPhotoNotAvailable.jpg,"OFFERS DUE BY SEPTEMBER 24th, 2026 AT 3:00 PM, AWARD DATE OCTOBER 2nd, 2026 BY 5:00 PM. If you are interested in purchasing this parcel, submit an “Initial Application”, this will grant you access and offer instructions. NOTE: You must submit an “Initial Application” before an “Offer Application.” INITIAL APPLICATIONS RECEIVED AFTER SEPTEMBER 22nd, 2026 AT 3:00PM WILL NOT BE APPROVED."
920511,16-09-221-038-0000,540 N CICERO AVE,Chicago,IL,60644,Cook,Commercial Land,Vacant Land,Land,75000.0,asking,75000.0,75000.0,,,,,,6250.0,,,Acquired,No,Austin,41.890859,-87.746002,/landmgmtpub/remote/public/property/viewImage/1373597/IMG_9058.jpg,"OFFERS DUE BY SEPTEMBER 24th, 2026 AT 3:00 PM, AWARD DATE OCTOBER 2nd, 2026 BY 5:00 PM. If you are interested in purchasing this parcel, submit an “Initial Application”, this will grant you access and offer instructions. NOTE: You must submit an “Initial Application” before an “Offer Application.” INITIAL APPLICATIONS RECEIVED AFTER SEPTEMBER 22nd, 2026 AT 3:00PM WILL NOT BE APPROVED."
920509,25-15-317-035-0000,10954 S MICHIGAN AVE,Chicago,IL,60628,Cook,Commercial Structure,Commercial Property,Commercial,69000.0,minimum_bid,,69000.0,,,,,,8060.0,,,Acquired,No,Roseland,41.6946164,-87.6208031,/landmgmtpub/remote/public/property/viewImage/316750/Michigan.jpg,"OFFERS DUE BY SEPTEMBER 24th, 2026 AT 3:00 PM, AWARD DATE OCTOBER 2nd, 2026 BY 5:00 PM. If you are interested in purchasing this parcel, submit an “Initial Application”, this will grant you access and offer instructions. NOTE: You must submit an “Initial Application” before an “Offer Application.” INITIAL APPLICATIONS RECEIVED AFTER SEPTEMBER 22nd, 2026 AT 3:00PM WILL NOT BE APPROVED."
920901,20-19-411-044-0000,1802 W 69TH ST,Chicago,IL,60636,Cook,Commercial Structure,Commercial Property,Commercial,65000.0,minimum_bid,,65000.0,,,,,,0.0,,,Acquired,No,Englewood - West,41.768756,-87.668984,/landmgmtpub/remote/public/property/viewImage/2264427/1802 W 69th St.jpeg,"OFFERS DUE BY SEPTEMBER 24th, 2026 AT 3:00 PM, AWARD DATE OCTOBER 2nd, 2026 BY 5:00 PM. If you are interested in purchasing this parcel, submit an “Initial Application”, this will grant you access and offer instructions. NOTE: You must submit an “Initial Application” before an “Offer Application.” INITIAL APPLICATIONS RECEIVED AFTER SEPTEMBER 22nd, 2026 AT 3:00PM WILL NOT BE APPROVED."
963407,16-28-121-035-0000,5414 W 25TH ST,Cicero,IL,60804-3314,Cook,Commercial Structure,Commercial Property,Commercial,65000.0,minimum_bid,,65000.0,,,,,,3125.0,0,0,Acquired,No,,41.8457669,-87.7597676,/landmgmtpub/remote/public/property/viewImage/566329/WIN_20180723_12_26_32_Pro.jpg,"OFFERS DUE BY SEPTEMBER 24th, 2026 AT 3:00 PM, AWARD DATE OCTOBER 2nd, 2026 BY 5:00 PM. If you are interested in purchasing this parcel, submit an “Initial Application”, this will grant you access and offer instructions. NOTE: You must submit an “Initial Application” before an “Offer Application.” INITIAL APPLICATIONS RECEIVED AFTER SEPTEMBER 22nd, 2026 AT 3:00PM WILL NOT BE APPROVED."
999628,20-07-224-049-0000,1958 W 51ST ST,Chicago,IL,60609,Cook,Commercial Structure,Commercial Property,Commercial,65000.0,asking,65000.0,59000.0,,,,,,4160.0,,,Acquired,,NEW CITY,41.8014889,-87.674349,/landmgmtpub/remote/public/property/viewImage/1753250/1.jpg,"OFFERS DUE BY SEPTEMBER 24th, 2026 AT 3:00 PM, AWARD DATE OCTOBER 2nd, 2026 BY 5:00 PM. If you are interested in purchasing this parcel, submit an “Initial Application”, this will grant you access and offer instructions. NOTE: You must submit an “Initial Application” before an “Offer Application.” INITIAL APPLICATIONS RECEIVED AFTER SEPTEMBER 22nd, 2026 AT 3:00PM WILL NOT BE APPROVED."
999827,20-17-231-008-0000,809 W 58TH ST,Chicago,IL,60621,Cook,Industrial Structure,Industrial Property,Industrial ,65000.0,asking,65000.0,65000.0,,,,,,4559.0,,,Acquired,,Englewood - East,41.7886316,-87.6455109,/landmgmtpub/remote/public/property/viewImage/1753238/809 W 58th St 1.jpg,"OFFERS DUE BY SEPTEMBER 24th, 2026 AT 3:00 PM, AWARD DATE OCTOBER 2nd, 2026 BY 5:00 PM. If you are interested in purchasing this parcel, submit an “Initial Application”, this will grant you access and offer instructions. NOTE: You must submit an “Initial Application” before an “Offer Application.” INITIAL APPLICATIONS RECEIVED AFTER SEPTEMBER 22nd, 2026 AT 3:00PM WILL NOT BE APPROVED."
920946,15-10-230-044-0000,1414 ST CHARLES RD,Maywood,IL,60153,Cook,Commercial Land,Vacant Land,Land,65000.0,asking,65000.0,65000.0,,,,,,4216.0,,,Acquired,No,,41.8877949,-87.850591,/landmgmtpub/remote/public/property/viewImage/314752/DSCN6703.JPG,"OFFERS DUE BY SEPTEMBER 24th, 2026 AT 3:00 PM, AWARD DATE OCTOBER 2nd, 2026 BY 5:00 PM. If you are interested in purchasing this parcel, submit an “Initial Application”, this will grant you access and offer instructions. NOTE: You must submit an “Initial Application” before an “Offer Application.” INITIAL APPLICATIONS RECEIVED AFTER SEPTEMBER 22nd, 2026 AT 3:00PM WILL NOT BE APPROVED."
964810,21-31-105-043-0000,2635 E 79TH ST,Chicago,IL,60649-5209,Cook,Commercial Structure,Commercial Property,Commercial,60000.0,asking,60000.0,60000.0,,,,,,12037.0,,,Acquired,,South Chicago,41.7516642,-87.5599336,/landmgmtpub/remote/public/property/viewImage/812362/DSCN1144.JPG,"OFFERS DUE BY SEPTEMBER 24th, 2026 AT 3:00 PM, AWARD DATE OCTOBER 2nd, 2026 BY 5:00 PM. If you are interested in purchasing this parcel, submit an “Initial Application”, this will grant you access and offer instructions. NOTE: You must submit an “Initial Application” before an “Offer Application.” INITIAL APPLICATIONS RECEIVED AFTER SEPTEMBER 22nd, 2026 AT 3:00PM WILL NOT BE APPROVED."
965100,24-36-427-024-0000,2625 BROADWAY AVE,Blue Island,IL,60406-2848,Cook,Commercial Land,Vacant Land,Land,60000.0,asking,60000.0,40000.0,,,,,,2831.0,,,Acquired,,,41.6501238,-87.6855038,https://s3.amazonaws.com/ePropertyPlus/public/defaultPhotoNotAvailable.jpg,"OFFERS DUE BY SEPTEMBER 24th, 2026 AT 3:00 PM, AWARD DATE OCTOBER 2nd, 2026 BY 5:00 PM. If you are interested in purchasing this parcel, submit an “Initial Application”, this will grant you access and offer instructions. NOTE: You must submit an “Initial Application” before an “Offer Application.” INITIAL APPLICATIONS RECEIVED AFTER SEPTEMBER 22nd, 2026 AT 3:00PM WILL NOT BE APPROVED."
967284,29-10-108-025-0000,532 E SIBLEY BLVD,Dolton,IL,60419-2523,Cook,Commercial Land,Vacant Land,Land,60000.0,asking,60000.0,20000.0,,,,,,3960.0,,,Acquired,,,41.622866,-87.608502,https://s3.amazonaws.com/ePropertyPlus/public/defaultPhotoNotAvailable.jpg,"OFFERS DUE BY SEPTEMBER 24th, 2026 AT 3:00 PM, AWARD DATE OCTOBER 2nd, 2026 BY 5:00 PM. If you are interested in purchasing this parcel, submit an “Initial Application”, this will grant you access and offer instructions. NOTE: You must submit an “Initial Application” before an “Offer Application.” INITIAL APPLICATIONS RECEIVED AFTER SEPTEMBER 22nd, 2026 AT 3:00PM WILL NOT BE APPROVED."
967285,29-10-108-026-0000,534 E SIBLEY BLVD,Dolton,IL,60419-2523,Cook,Commercial Land,Vacant Land,Land,60000.0,asking,60000.0,15000.0,,,,,,3000.0,,,Acquired,,,41.622867,-87.608399,https://s3.amazonaws.com/ePropertyPlus/public/defaultPhotoNotAvailable.jpg,"OFFERS DUE BY SEPTEMBER 24th, 2026 AT 3:00 PM, AWARD DATE OCTOBER 2nd, 2026 BY 5:00 PM. If you are interested in purchasing this parcel, submit an “Initial Application”, this will grant you access and offer instructions. NOTE: You must submit an “Initial Application” before an “Offer Application.” INITIAL APPLICATIONS RECEIVED AFTER SEPTEMBER 22nd, 2026 AT 3:00PM WILL NOT BE APPROVED."
963224,16-20-215-020-0000,1300 S CENTRAL AVE,Cicero,IL,60804-1219,Cook,Industrial Improved,Industrial Property,Commercial,59000.0,asking,59000.0,59000.0,,,,,,6300.0,,,Acquired,No,,41.86361,-87.7645919,/landmgmtpub/remote/public/property/viewImage/566257/WIN_20180723_11_44_37_Pro.jpg,"OFFERS DUE BY SEPTEMBER 24th, 2026 AT 3:00 PM, AWARD DATE OCTOBER 2nd, 2026 BY 5:00 PM. If you are interested in purchasing this parcel, submit an “Initial Application”, this will grant you access and offer instructions. NOTE: You must submit an “Initial Application” before an “Offer Application.” INITIAL APPLICATIONS RECEIVED AFTER SEPTEMBER 22nd, 2026 AT 3:00PM WILL NOT BE APPROVED."
963243,16-22-110-041-0000,1446 S KOSTNER AVE,Chicago,IL,60623-1154,Cook,Commercial Land,Vacant Land,Land,59000.0,asking,59000.0,5000.0,,,,,,3150.0,,,Acquired,,North Lawndale,41.8608818,-87.7350453,/landmgmtpub/remote/public/property/viewImage/1566068/Land.jpg,"OFFERS DUE BY SEPTEMBER 24th, 2026 AT 3:00 PM, AWARD DATE OCTOBER 2nd, 2026 BY 5:00 PM. If you are interested in purchasing this parcel, submit an “Initial Application”, this will grant you access and offer instructions. NOTE: You must submit an “Initial Application” before an “Offer Application.” INITIAL APPLICATIONS RECEIVED AFTER SEPTEMBER 22nd, 2026 AT 3:00PM WILL NOT BE APPROVED."
905765,20-15-405-028-0000,612 E 61ST ST,Chicago,IL,60637,Cook,Commercial Land,Vacant Land,Land,50000.0,minimum_bid,,50000.0,,,,,,8250.0,,,Acquired,,Woodlawn,41.784224,-87.61024,https://s3.amazonaws.com/ePropertyPlus/public/defaultPhotoNotAvailable.jpg,"OFFERS DUE BY SEPTEMBER 24th, 2026 AT 3:00 PM, AWARD DATE OCTOBER 2nd, 2026 BY 5:00 PM. If you are interested in purchasing this parcel, submit an “Initial Application”, this will grant you access and offer instructions. NOTE: You must submit an “Initial Application” before an “Offer Application.” INITIAL APPLICATIONS RECEIVED AFTER SEPTEMBER 22nd, 2026 AT 3:00PM WILL NOT BE APPROVED."
964036,20-17-401-001-0000,1125 W 59TH ST,Chicago,IL,60621-1423,Cook,Mixed-Use,Commercial Property,Mixed Use,50000.0,asking,50000.0,50000.0,,,,6600,6600,3148.0,,,Acquired,No,Englewood - East,41.7866775,-87.6533181,/landmgmtpub/remote/public/property/viewImage/1020593/DSC07540.JPG,"OFFERS DUE BY SEPTEMBER 24th, 2026 AT 3:00 PM, AWARD DATE OCTOBER 2nd, 2026 BY 5:00 PM. If you are interested in purchasing this parcel, submit an “Initial Application”, this will grant you access and offer instructions. NOTE: You must submit an “Initial Application” before an “Offer Application.” INITIAL APPLICATIONS RECEIVED AFTER SEPTEMBER 22nd, 2026 AT 3:00PM WILL NOT BE APPROVED."
968084,30-08-409-043-0000,629 WENTWORTH AVE,Calumet City,IL,60409-4222,Cook,Commercial Structure,Commercial Property,Commercial,50000.0,asking,50000.0,50000.0,,,,,,1250.0,,,Acquired,,,41.6174654,-87.5297137,/landmgmtpub/remote/public/property/viewImage/889066/DSC07222.JPG,"OFFERS DUE BY SEPTEMBER 24th, 2026 AT 3:00 PM, AWARD DATE OCTOBER 2nd, 2026 BY 5:00 PM. If you are interested in purchasing this parcel, submit an “Initial Application”, this will grant you access and offer instructions. NOTE: You must submit an “Initial Application” before an “Offer Application.” INITIAL APPLICATIONS RECEIVED AFTER SEPTEMBER 22nd, 2026 AT 3:00PM WILL NOT BE APPROVED."
983830,25-05-124-009-0000,9047 S Ashland Ave,Chicago,IL,60620-5027,Cook,Commercial Land,Vacant Land,Land,50000.0,asking,50000.0,50000.0,,,,,,6200.0,,,Acquired,No,Washington Heights,41.728957,-87.662445,/landmgmtpub/remote/public/property/viewImage/1983489/ASHLAND 8 05 2025 3.jpg,"OFFERS DUE BY SEPTEMBER 24th, 2026 AT 3:00 PM, AWARD DATE OCTOBER 2nd, 2026 BY 5:00 PM. If you are interested in purchasing this parcel, submit an “Initial Application”, this will grant you access and offer instructions. NOTE: You must submit an “Initial Application” before an “Offer Application.” INITIAL APPLICATIONS RECEIVED AFTER SEPTEMBER 22nd, 2026 AT 3:00PM WILL NOT BE APPROVED."
1000502,25-15-322-005-0000,11023 S MICHIGAN AVE,Chicago,IL,60628,Cook,Commercial Structure,Commercial Property,Commercial,50000.0,asking,50000.0,50000.0,,,,,,9142.0,,,Acquired,,ROSELAND,41.6937486,-87.6206048,/landmgmtpub/remote/public/property/viewImage/1588529/20240614_150439.jpg,"OFFERS DUE BY SEPTEMBER 24th, 2026 AT 3:00 PM, AWARD DATE OCTOBER 2nd, 2026 BY 5:00 PM. If you are interested in purchasing this parcel, submit an “Initial Application”, this will grant you access and offer instructions. NOTE: You must submit an “Initial Application” before an “Offer Application.” INITIAL APPLICATIONS RECEIVED AFTER SEPTEMBER 22nd, 2026 AT 3:00PM WILL NOT BE APPROVED."
1083449,19-35-227-023-0000,8212 S KEDZIE AVE,Chicago,IL,60652,Cook,Commercial Structure,Commercial Property,Commercial,50000.0,asking,50000.0,35000.0,,,,,,2700.0,,,Acquired,,Ashburn,41.7438837,-87.7026209,/landmgmtpub/remote/public/property/viewImage/1402806/20231130_101718.jpg,"OFFERS DUE BY SEPTEMBER 24th, 2026 AT 3:00 PM, AWARD DATE OCTOBER 2nd, 2026 BY 5:00 PM. If you are interested in purchasing this parcel, submit an “Initial Application”, this will grant you access and offer instructions. NOTE: You must submit an “Initial Application” before an “Offer Application.” INITIAL APPLICATIONS RECEIVED AFTER SEPTEMBER 22nd, 2026 AT 3:00PM WILL NOT BE APPROVED."
1083482,20-15-304-005-0000,5919 S PRAIRIE AVE,Chicago,IL,60637,Cook,Commercial Structure,Commercial Property,Commercial,50000.0,minimum_bid,,50000.0,,,,,,12075.0,,,Acquired,,Washington Park,41.7868591,-87.6185438,/landmgmtpub/remote/public/property/viewImage/1844099/cdv_photo_105.jpg,"OFFERS DUE BY SEPTEMBER 24th, 2026 AT 3:00 PM, AWARD DATE OCTOBER 2nd, 2026 BY 5:00 PM. If you are interested in purchasing this parcel, submit an “Initial Application”, this will grant you access and offer instructions. NOTE: You must submit an “Initial Application” before an “Offer Application.” INITIAL APPLICATIONS RECEIVED AFTER SEPTEMBER 22nd, 2026 AT 3:00PM WILL NOT BE APPROVED."
963239,16-21-400-045-0000,1617 S LARAMIE AVE,Cicero,IL,60804-1943,Cook,Commercial Structure,Commercial Property,Commercial,49000.0,asking,49000.0,60000.0,,,,,,2685.0,,,Acquired,Unknown,,41.8578059,-87.7540044,/landmgmtpub/remote/public/property/viewImage/1461915/IMG_5822.JPG,"OFFERS DUE BY SEPTEMBER 24th, 2026 AT 3:00 PM, AWARD DATE OCTOBER 2nd, 2026 BY 5:00 PM. If you are interested in purchasing this parcel, submit an “Initial Application”, this will grant you access and offer instructions. NOTE: You must submit an “Initial Application” before an “Offer Application.” INITIAL APPLICATIONS RECEIVED AFTER SEPTEMBER 22nd, 2026 AT 3:00PM WILL NOT BE APPROVED."
965236,25-15-112-044-0000,10433 S MICHIGAN AVE,Chicago,IL,60628-2733,Cook,Commercial Land,Vacant Land,Land,49000.0,asking,49000.0,6500.0,,,,,,2603.0,,,Acquired,,Roseland,41.704371,-87.620236,/landmgmtpub/remote/public/property/viewImage/1448180/pro-s6mlN8eM.jpeg,"OFFERS DUE BY SEPTEMBER 24th, 2026 AT 3:00 PM, AWARD DATE OCTOBER 2nd, 2026 BY 5:00 PM. If you are interested in purchasing this parcel, submit an “Initial Application”, this will grant you access and offer instructions. NOTE: You must submit an “Initial Application” before an “Offer Application.” INITIAL APPLICATIONS RECEIVED AFTER SEPTEMBER 22nd, 2026 AT 3:00PM WILL NOT BE APPROVED."
968284,31-27-313-014-0000,4506 POPLAR AVE,Richton Park,IL,60471-1114,Cook,Residential Structure,Residential Home,Single Family,49000.0,minimum_bid,,49000.0,,,,1225,1225,7320.0,,,Disposition in Process,,,41.4882895,-87.7253216,/landmgmtpub/remote/public/property/viewImage/1443398/Offer+Pending_2023.jpg,"OFFERS DUE BY SEPTEMBER 24th, 2026 AT 3:00 PM, AWARD DATE OCTOBER 2nd, 2026 BY 5:00 PM. If you are interested in purchasing this parcel, submit an “Initial Application”, this will grant you access and offer instructions. NOTE: You must submit an “Initial Application” before an “Offer Application.” INITIAL APPLICATIONS RECEIVED AFTER SEPTEMBER 22nd, 2026 AT 3:00PM WILL NOT BE APPROVED."
963895,20-17-115-036-0000,5630 S RACINE AVE,Chicago,IL,60636-1424,Cook,Residential Land,Vacant Land,,45000.0,asking,45000.0,5000.0,,,,,,3112.77,,,Acquired,,Englewood - West,41.791398,-87.65516,/landmgmtpub/remote/public/property/viewImage/826859/DSC03757.JPG,"OFFERS DUE BY SEPTEMBER 24th, 2026 AT 3:00 PM, AWARD DATE OCTOBER 2nd, 2026 BY 5:00 PM. If you are interested in purchasing this parcel, submit an “Initial Application”, this will grant you access and offer instructions. NOTE: You must submit an “Initial Application” before an “Offer Application.” INITIAL APPLICATIONS RECEIVED AFTER SEPTEMBER 22nd, 2026 AT 3:00PM WILL NOT BE APPROVED."
963896,20-17-115-037-0000,5632 S RACINE AVE,Chicago,IL,60636-1424,Cook,Residential Land,Vacant Land,Land,45000.0,asking,45000.0,5000.0,,,,,,3112.84,,,Acquired,No,Englewood - West,41.791329,-87.65515599999999,/landmgmtpub/remote/public/property/viewImage/1721966/Land.jpg,"OFFERS DUE BY SEPTEMBER 24th, 2026 AT 3:00 PM, AWARD DATE OCTOBER 2nd, 2026 BY 5:00 PM. If you are interested in purchasing this parcel, submit an “Initial Application”, this will grant you access and offer instructions. NOTE: You must submit an “Initial Application” before an “Offer Application.” INITIAL APPLICATIONS RECEIVED AFTER SEPTEMBER 22nd, 2026 AT 3:00PM WILL NOT BE APPROVED."
965151,25-04-409-039-0000,9301 S LASALLE ST,Chicago,IL,60620-1414,Cook,Residential Structure,Residential Home,Single Family,45000.0,minimum_bid,,45000.0,,,,756,756,6

[truncated]