pin,address,city,sqft,neighborhood,ward,district,entity,delinquent,land_use_code,classification
19-26-416-069-0000,7844 S TRUMBULL AVE,CHICAGO,5444,ASHBURN,18,3,CCLBA ‐ RESIDENTIAL STRUCTURES,"$35,875.13",2-03,STRUCTURE ‐ RESIDENTIAL
20-28-308-030-0000,7652 S UNION AVE,CHICAGO,3776,AUBURN GRESHAM,6,3,CCLBA ‐ FOCUS COMMUNITY (CITY),"$12,148.51",2-11,STRUCTURE ‐ RESIDENTIAL
20-32-403-007-0000,8319 S CARPENTER ST,CHICAGO,3939,AUBURN GRESHAM,21,4,CCLBA ‐ FOCUS COMMUNITY (CITY),"$16,517.61",2-03,STRUCTURE ‐ RESIDENTIAL
20-32-417-006-0000,8521 S MAY ST,CHICAGO,3748,AUBURN GRESHAM,21,4,CCLBA ‐ FOCUS COMMUNITY (CITY),"$18,942.86",2-03,STRUCTURE ‐ RESIDENTIAL
25-04-110-023-0000,8824 S LOWE AVE,CHICAGO,4248,AUBURN GRESHAM,21,4,CCLBA ‐ FOCUS COMMUNITY (CITY),"$17,526.50",2-03,STRUCTURE ‐ RESIDENTIAL
25-05-102-016-0000,8747 S LAFLIN ST,CHICAGO,4243,AUBURN GRESHAM,21,4,CITY OF CHICAGO  ‐ MAYOR'S OFFICE,"$11,766.63",2-03,STRUCTURE ‐ RESIDENTIAL
16-04-331-038-0000,5200 W CHICAGO AVE,CHICAGO,7502,AUSTIN,37,1,CITY OF CHICAGO ‐ DEPT OF PLANNING & DEVELOPMENT,"$191,351.42",2-12,STRUCTURE ‐ MIXED USE
16-04-428-012-0000,4825 W IOWA ST,CHICAGO,2962,AUSTIN,37,1,CCLBA ‐ RESIDENTIAL STRUCTURES,"$32,762.05",2-03,STRUCTURE ‐ RESIDENTIAL
16-09-100-014-0000,5517 W CHICAGO AVE,CHICAGO,4610,AUSTIN,37,1,CITY OF CHICAGO ‐ DEPT OF PLANNING & DEVELOPMENT,"$117,615.71",2-12,STRUCTURE ‐ MIXED USE
16-09-124-017-0000,5229 W FERDINAND ST,CHICAGO,4897,AUSTIN,37,1,INDIVIDUAL INQUIRY,"$58,461.66",2-11,STRUCTURE ‐ RESIDENTIAL
16-09-219-023-0000,558 N LAVERGNE AVE,CHICAGO,3124,AUSTIN,37,1,CCLBA ‐ CITY OF CHICAGO MMRP AREA,"$25,452.98",2-11,STRUCTURE ‐ RESIDENTIAL
20-36-121-007-0000,8218 S ANTHONY AVE,CHICAGO,4060,AVALON PARK,8,4,CCLBA ‐ INVEST SOUTH/WEST INITIATIVE (1/2 MILE BUFFER),"$19,345.83",2-03,STRUCTURE ‐ RESIDENTIAL
25-02-302-009-0000,9121 S DREXEL AVE,CHICAGO,3108,BURNSIDE,8,4,CCLBA ‐ RESIDENTIAL STRUCTURES,"$18,622.50",2-11,STRUCTURE ‐ RESIDENTIAL
25-02-316-032-0000,9322 S UNIVERSITY AVE,CHICAGO,3108,BURNSIDE,8,4,CCLBA ‐ RESIDENTIAL STRUCTURES,"$27,833.52",2-11,STRUCTURE ‐ RESIDENTIAL
20-33-104-023-0000,7950 S PARNELL AVE,CHICAGO,3368,CHATHAM,17,3,CCLBA ‐ CITY OF CHICAGO MMRP AREA,"$24,675.70",2-03,STRUCTURE ‐ RESIDENTIAL
19-24-204-005-0000,2541 W 63RD ST,CHICAGO,3121,CHICAGO LAWN,16,2,CCLBA ‐ COMMERCIAL/INDUSTRIAL STRUCTURES,"$36,490.13",2-12,STRUCTURE ‐ MIXED USE
19-24-418-005-0000,2515 W 69TH ST,CHICAGO,3126,CHICAGO LAWN,17,2,CCLBA ‐ COMMERCIAL/INDUSTRIAL STRUCTURES,"$33,224.86",2-12,STRUCTURE ‐ MIXED USE
20-16-101-017-0000,5547 S EMERALD AVE,CHICAGO,3769,ENGLEWOOD ‐ EAST,20,2,CCLBA ‐ FOCUS COMMUNITY (CITY),"$28,360.06",2-11,STRUCTURE ‐ RESIDENTIAL
20-16-102-073-0000,5622 S LOWE AVE,CHICAGO,3159,ENGLEWOOD ‐ EAST,20,2,CCLBA ‐ FOCUS COMMUNITY (CITY),"$37,293.01",2-03,STRUCTURE ‐ RESIDENTIAL
20-16-204-034-0000,5526 S LASALLE ST,CHICAGO,4316,ENGLEWOOD ‐ EAST,3,2,CCLBA ‐ FOCUS COMMUNITY (CITY),"$21,003.84",2-03,STRUCTURE ‐ RESIDENTIAL
20-16-307-019-0000,738 W 60TH PL,CHICAGO,3006,ENGLEWOOD ‐ EAST,16,2,CCLBA ‐ FOCUS COMMUNITY (CITY),"$22,903.81",2-11,STRUCTURE ‐ RESIDENTIAL
20-16-313-006-0000,543 W 60TH PL,CHICAGO,3019,ENGLEWOOD ‐ EAST,20,2,CCLBA ‐ FOCUS COMMUNITY (CITY),"$21,325.69",2-11,STRUCTURE ‐ RESIDENTIAL
20-16-318-032-0000,647 W 61ST PL,CHICAGO,3364,ENGLEWOOD ‐ EAST,16,2,CCLBA ‐ FOCUS COMMUNITY (CITY),"$9,732.98",2-11,STRUCTURE ‐ RESIDENTIAL
20-16-400-015-0000,342 W 59TH PL,CHICAGO,3690,ENGLEWOOD ‐ EAST,20,2,CCLBA ‐ FOCUS COMMUNITY (CITY),"$18,517.23",2-11,STRUCTURE ‐ RESIDENTIAL
20-20-203-015-0000,6335 S CARPENTER ST,CHICAGO,3141,ENGLEWOOD ‐ EAST,16,2,CCLBA ‐ FOCUS COMMUNITY (CITY),"$8,806.82",2-11,STRUCTURE ‐ RESIDENTIAL
20-20-219-030-0000,6520 S MORGAN ST,CHICAGO,3136,ENGLEWOOD ‐ EAST,6,2,CCLBA ‐ FOCUS COMMUNITY (CITY),"$7,226.58",2-03,STRUCTURE ‐ RESIDENTIAL
20-20-227-045-0000,6603 S CARPENTER ST,CHICAGO,3379,ENGLEWOOD ‐ EAST,6,2,CCLBA ‐ FOCUS COMMUNITY (CITY),"$6,114.66",2-03,STRUCTURE ‐ RESIDENTIAL
20-20-228-003-0000,6605 S MORGAN ST,CHICAGO,3117,ENGLEWOOD ‐ EAST,6,2,CCLBA ‐ FOCUS COMMUNITY (CITY),"$11,568.86",2-03,STRUCTURE ‐ RESIDENTIAL
20-20-402-036-0000,6730 S CARPENTER ST,CHICAGO,3118,ENGLEWOOD ‐ EAST,16,2,CCLBA ‐ FOCUS COMMUNITY (CITY),"$10,271.32",2-03,STRUCTURE ‐ RESIDENTIAL
20-20-412-028-0000,6828 S SANGAMON ST,CHICAGO,5581,ENGLEWOOD ‐ EAST,6,2,CCLBA ‐ FOCUS COMMUNITY (CITY),"$5,942.64",2-03,STRUCTURE ‐ RESIDENTIAL
20-20-416-013-0000,6945 S RACINE AVE,CHICAGO,3102,ENGLEWOOD ‐ EAST,6,2,CCLBA ‐ FOCUS COMMUNITY (CITY),"$16,692.08",2-11,STRUCTURE ‐ RESIDENTIAL
20-21-301-031-0000,6716 S UNION AVE,CHICAGO,4188,ENGLEWOOD ‐ EAST,6,2,CCLBA ‐ FOCUS COMMUNITY (CITY),"$24,754.48",2-11,STRUCTURE ‐ RESIDENTIAL
20-21-326-008-0000,7031 S PARNELL AVE,CHICAGO,3766,ENGLEWOOD ‐ EAST,6,2,CCLBA ‐ FOCUS COMMUNITY (CITY),"$22,173.63",2-11,STRUCTURE ‐ RESIDENTIAL
20-28-110-017-0000,7251 S UNION AVE,CHICAGO,3863,ENGLEWOOD ‐ EAST,6,2,CCLBA ‐ FOCUS COMMUNITY (CITY),"$15,671.34",2-11,STRUCTURE ‐ RESIDENTIAL
20-29-202-021-0000,7153 S ABERDEEN ST,CHICAGO,3110,ENGLEWOOD ‐ EAST,6,2,CCLBA ‐ FOCUS COMMUNITY (CITY),"$11,877.25",2-03,STRUCTURE ‐ RESIDENTIAL
20-29-203-010-0000,7133 S CARPENTER ST,CHICAGO,3125,ENGLEWOOD ‐ EAST,6,2,CCLBA ‐ FOCUS COMMUNITY (CITY),"$10,924.21",2-03,STRUCTURE ‐ RESIDENTIAL
20-29-212-034-0000,7222 S SANGAMON ST,CHICAGO,3107,ENGLEWOOD ‐ EAST,6,2,CCLBA ‐ FOCUS COMMUNITY (CITY),"$19,199.04",2-11,STRUCTURE ‐ RESIDENTIAL
20-29-213-017-0000,7241 S SANGAMON ST,CHICAGO,3121,ENGLEWOOD ‐ EAST,6,2,CCLBA ‐ FOCUS COMMUNITY (CITY),"$15,576.01",2-11,STRUCTURE ‐ RESIDENTIAL
20-29-217-030-0000,7312 S ABERDEEN ST,CHICAGO,3104,ENGLEWOOD ‐ EAST,17,2,CCLBA ‐ FOCUS COMMUNITY (CITY),"$4,792.88",2-03,STRUCTURE ‐ RESIDENTIAL
20-29-220-024-0000,7304 S SANGAMON ST,CHICAGO,3112,ENGLEWOOD ‐ EAST,17,2,CCLBA ‐ FOCUS COMMUNITY (CITY),"$7,261.01",2-03,STRUCTURE ‐ RESIDENTIAL
20-29-221-043-0000,7350 S PEORIA ST,CHICAGO,3115,ENGLEWOOD ‐ EAST,17,2,CCLBA ‐ FOCUS COMMUNITY (CITY),"$7,892.04",2-11,STRUCTURE ‐ RESIDENTIAL
20-29-221-044-0000,7352 S PEORIA ST,CHICAGO,3116,ENGLEWOOD ‐ EAST,17,2,CCLBA ‐ FOCUS COMMUNITY (CITY),"$7,892.16",2-11,STRUCTURE ‐ RESIDENTIAL
20-29-223-024-0000,7357 S GREEN ST,CHICAGO,2856,ENGLEWOOD ‐ EAST,6,2,CCLBA ‐ FOCUS COMMUNITY (CITY),"$6,410.67",2-03,STRUCTURE ‐ RESIDENTIAL
20-29-223-037-0000,7340 S HALSTED ST,CHICAGO,6005,ENGLEWOOD ‐ EAST,6,2,CCLBA ‐ FOCUS COMMUNITY (CITY),"$47,321.16",2-12,STRUCTURE ‐ MIXED USE
20-29-225-003-0000,7407 S MAY ST,CHICAGO,3141,ENGLEWOOD ‐ EAST,17,2,CCLBA ‐ FOCUS COMMUNITY (CITY),"$7,477.97",2-03,STRUCTURE ‐ RESIDENTIAL
20-29-229-022-0000,7410 S GREEN ST,CHICAGO,3117,ENGLEWOOD ‐ EAST,17,2,CCLBA ‐ FOCUS COMMUNITY (CITY),"$8,601.25",2-03,STRUCTURE ‐ RESIDENTIAL
20-17-105-018-0000,5543 S ADA ST,CHICAGO,3116,ENGLEWOOD ‐ WEST,16,2,CCLBA ‐ FOCUS COMMUNITY (CITY),"$28,659.69",2-11,STRUCTURE ‐ RESIDENTIAL
20-17-108-008-0000,5621 S ASHLAND AVE,CHICAGO,2942,ENGLEWOOD ‐ WEST,16,2,CCLBA ‐ FOCUS COMMUNITY (CITY),"$19,183.81",2-12,STRUCTURE ‐ MIXED USE
20-17-109-026-0000,5608 S LAFLIN ST,CHICAGO,3065,ENGLEWOOD ‐ WEST,16,2,CCLBA ‐ FOCUS COMMUNITY (CITY),"$30,835.50",2-11,STRUCTURE ‐ RESIDENTIAL
20-17-208-041-0000,5640 S MAY ST,CHICAGO,3122,ENGLEWOOD ‐ WEST,16,2,CCLBA ‐ FOCUS COMMUNITY (CITY),"$15,854.03",2-11,STRUCTURE ‐ RESIDENTIAL
20-17-210-030-0000,5620 S CARPENTER ST,CHICAGO,3118,ENGLEWOOD ‐ WEST,16,2,CCLBA ‐ FOCUS COMMUNITY (CITY),"$7,740.94",2-03,STRUCTURE ‐ RESIDENTIAL
20-17-227-003-0000,5805 S CARPENTER ST,CHICAGO,3129,ENGLEWOOD ‐ WEST,16,2,CCLBA ‐ FOCUS COMMUNITY (CITY),$704.22,2-03,STRUCTURE ‐ RESIDENTIAL
20-17-303-003-0000,5925 S BISHOP ST,CHICAGO,3756,ENGLEWOOD ‐ WEST,16,2,CCLBA ‐ FOCUS COMMUNITY (CITY),"$24,575.46",2-11,STRUCTURE ‐ RESIDENTIAL
20-17-313-005-0000,6045 S ADA ST,CHICAGO,3112,ENGLEWOOD ‐ WEST,16,2,CCLBA ‐ FOCUS COMMUNITY (CITY),"$12,426.49",2-11,STRUCTURE ‐ RESIDENTIAL
20-17-317-002-0000,1523 W 61ST ST,CHICAGO,2904,ENGLEWOOD ‐ WEST,16,2,CCLBA ‐ FOCUS COMMUNITY (CITY),"$19,357.02",2-11,STRUCTURE ‐ RESIDENTIAL
20-17-317-031-0000,6134 S LAFLIN ST,CHICAGO,3106,ENGLEWOOD ‐ WEST,16,2,CCLBA ‐ FOCUS COMMUNITY (CITY),"$25,423.64",2-03,STRUCTURE ‐ RESIDENTIAL
20-17-321-032-0000,6114 S THROOP ST,CHICAGO,2929,ENGLEWOOD ‐ WEST,16,2,CCLBA ‐ FOCUS COMMUNITY (CITY),"$15,991.49",2-03,STRUCTURE ‐ RESIDENTIAL
20-17-327-003-0000,6215 S LAFLIN ST,CHICAGO,3167,ENGLEWOOD ‐ WEST,16,2,CCLBA ‐ FOCUS COMMUNITY (CITY),"$18,834.35",2-03,STRUCTURE ‐ RESIDENTIAL
20-17-401-004-0000,1117 W 59TH ST,CHICAGO,2981,ENGLEWOOD ‐ WEST,16,2,CCLBA ‐ FOCUS COMMUNITY (CITY),"$11,638.85",2-03,STRUCTURE ‐ RESIDENTIAL
20-17-404-036-0000,5946 S SANGAMON ST,CHICAGO,3101,ENGLEWOOD ‐ WEST,16,2,CCLBA ‐ FOCUS COMMUNITY (CITY),"$14,573.24",2-03,STRUCTURE ‐ RESIDENTIAL
20-17-405-040-0000,5942 S PEORIA ST,CHICAGO,3162,ENGLEWOOD ‐ WEST,16,2,CCLBA ‐ FOCUS COMMUNITY (CITY),"$13,008.32",2-11,STRUCTURE ‐ RESIDENTIAL
20-17-412-009-0000,6023 S MORGAN ST,CHICAGO,4661,ENGLEWOOD ‐ WEST,16,2,CCLBA ‐ FOCUS COMMUNITY (CITY),"$19,341.69",2-11,STRUCTURE ‐ RESIDENTIAL
20-17-416-030-0000,6126 S MAY ST,CHICAGO,3120,ENGLEWOOD ‐ WEST,16,2,CCLBA ‐ FOCUS COMMUNITY (CITY),"$9,325.46",2-11,STRUCTURE ‐ RESIDENTIAL
20-17-424-005-0000,6221 S RACINE AVE,CHICAGO,3107,ENGLEWOOD ‐ WEST,16,2,CCLBA ‐ FOCUS COMMUNITY (CITY),"$8,521.82",2-03,STRUCTURE ‐ RESIDENTIAL
20-17-424-027-0000,6234 S MAY ST,CHICAGO,3107,ENGLEWOOD ‐ WEST,16,2,CCLBA ‐ FOCUS COMMUNITY (CITY),"$29,594.15",2-11,STRUCTURE ‐ RESIDENTIAL
20-17-426-029-0000,6228 S CARPENTER ST,CHICAGO,3104,ENGLEWOOD ‐ WEST,16,2,CCLBA ‐ FOCUS COMMUNITY (CITY),"$6,610.73",2-03,STRUCTURE ‐ RESIDENTIAL
20-18-223-008-0000,5719 S MARSHFIELD AVE,CHICAGO,2899,ENGLEWOOD ‐ WEST,16,2,CCLBA ‐ FOCUS COMMUNITY (CITY),"$15,432.14",2-03,STRUCTURE ‐ RESIDENTIAL
20-18-229-015-0000,5814 S PAULINA ST,CHICAGO,3117,ENGLEWOOD ‐ WEST,15,2,CCLBA ‐ FOCUS COMMUNITY (CITY),"$23,912.90",2-11,STRUCTURE ‐ RESIDENTIAL
20-18-401-015-0000,5925 S WINCHESTER AVE,CHICAGO,3787,ENGLEWOOD ‐ WEST,15,2,CCLBA ‐ FOCUS COMMUNITY (CITY),"$23,108.60",2-03,STRUCTURE ‐ RESIDENTIAL
20-18-402-033-0000,5926 S HONORE ST,CHICAGO,2986,ENGLEWOOD ‐ WEST,15,2,CCLBA ‐ FOCUS COMMUNITY (CITY),"$10,846.11",2-03,STRUCTURE ‐ RESIDENTIAL
20-18-411-006-0000,6015 S HONORE ST,CHICAGO,3883,ENGLEWOOD ‐ WEST,15,2,CCLBA ‐ FOCUS COMMUNITY (CITY),"$11,301.20",2-03,STRUCTURE ‐ RESIDENTIAL
20-18-413-026-0000,6018 S PAULINA ST,CHICAGO,3107,ENGLEWOOD ‐ WEST,15,2,CCLBA ‐ FOCUS COMMUNITY (CITY),"$14,362.98",2-03,STRUCTURE ‐ RESIDENTIAL
20-19-113-025-0000,6406 S SEELEY AVE,CHICAGO,3124,ENGLEWOOD ‐ WEST,16,2,CCLBA ‐ FOCUS COMMUNITY (CITY),"$13,891.62",2-11,STRUCTURE ‐ RESIDENTIAL
20-19-228-018-0000,6651 S WOOD ST,CHICAGO,3090,ENGLEWOOD ‐ WEST,15,2,CCLBA ‐ FOCUS COMMUNITY (CITY),"$14,361.15",2-03,STRUCTURE ‐ RESIDENTIAL
20-19-228-035-0000,6644 S HERMITAGE AVE,CHICAGO,4327,ENGLEWOOD ‐ WEST,15,2,CCLBA ‐ FOCUS COMMUNITY (CITY),"$11,463.87",2-11,STRUCTURE ‐ RESIDENTIAL
20-19-320-039-0000,2022 W 69TH ST,CHICAGO,3094,ENGLEWOOD ‐ WEST,16,2,CCLBA ‐ FOCUS COMMUNITY (CITY),"$5,313.57",2-11,STRUCTURE ‐ RESIDENTIAL
20-19-339-036-0000,2024 W 71ST ST,CHICAGO,3113,ENGLEWOOD ‐ WEST,17,2,CCLBA ‐ FOCUS COMMUNITY (CITY),"$13,170.33",2-03,STRUCTURE ‐ RESIDENTIAL
20-19-339-040-0000,2014 W 71ST ST,CHICAGO,3116,ENGLEWOOD ‐ WEST,17,2,CCLBA ‐ FOCUS COMMUNITY (CITY),"$5,551.62",2-03,STRUCTURE ‐ RESIDENTIAL
20-19-406-022-0000,6747 S PAULINA ST,CHICAGO,3075,ENGLEWOOD ‐ WEST,16,2,CCLBA ‐ FOCUS COMMUNITY (CITY),"$16,169.12",2-11,STRUCTURE ‐ RESIDENTIAL
20-19-408-002-0000,6807 S DAMEN AVE,CHICAGO,3093,ENGLEWOOD ‐ WEST,17,2,CCLBA ‐ FOCUS COMMUNITY (CITY),"$22,205.51",2-11,STRUCTURE ‐ RESIDENTIAL
20-19-425-007-0000,7015 S WINCHESTER AVE,CHICAGO,3124,ENGLEWOOD ‐ WEST,17,2,CCLBA ‐ FOCUS COMMUNITY (CITY),"$6,131.89",2-03,STRUCTURE ‐ RESIDENTIAL
20-20-102-002-0000,1451 W 63RD ST,CHICAGO,6248,ENGLEWOOD ‐ WEST,16,2,CCLBA ‐ FOCUS COMMUNITY (CITY),"$14,305.27",2-12,STRUCTURE ‐ MIXED USE
20-20-102-031-0000,6324 S BISHOP ST,CHICAGO,3112,ENGLEWOOD ‐ WEST,16,2,CCLBA ‐ FOCUS COMMUNITY (CITY),"$13,060.60",2-03,STRUCTURE ‐ RESIDENTIAL
20-20-313-002-0000,6803 S ADA ST,CHICAGO,3136,ENGLEWOOD ‐ WEST,17,2,CCLBA ‐ FOCUS COMMUNITY (CITY),"$9,463.28",2-03,STRUCTURE ‐ RESIDENTIAL
20-20-329-008-0000,7019 S ADA ST,CHICAGO,4153,ENGLEWOOD ‐ WEST,6,2,CCLBA ‐ FOCUS COMMUNITY (CITY),"$8,933.44",2-03,STRUCTURE ‐ RESIDENTIAL
20-20-330-012-0000,7029 S THROOP ST,CHICAGO,3129,ENGLEWOOD ‐ WEST,6,2,CCLBA ‐ FOCUS COMMUNITY (CITY),"$10,209.49",2-03,STRUCTURE ‐ RESIDENTIAL
20-20-331-031-0000,7024 S RACINE AVE,CHICAGO,3109,ENGLEWOOD ‐ WEST,6,2,CCLBA ‐ FOCUS COMMUNITY (CITY),"$7,814.42",2-11,STRUCTURE ‐ RESIDENTIAL
20-29-104-004-0000,1273 W 71ST ST,CHICAGO,3103,ENGLEWOOD ‐ WEST,6,2,CCLBA ‐ FOCUS COMMUNITY (CITY),"$15,286.15",2-03,STRUCTURE ‐ RESIDENTIAL
20-29-105-013-0000,1513 W 71ST PL,CHICAGO,6088,ENGLEWOOD ‐ WEST,17,2,CCLBA ‐ FOCUS COMMUNITY (CITY),"$7,473.57",2-03,STRUCTURE ‐ RESIDENTIAL
20-29-105-021-0000,1512 W 72ND ST,CHICAGO,3780,ENGLEWOOD ‐ WEST,17,2,CCLBA ‐ FOCUS COMMUNITY (CITY),"$9,657.87",2-03,STRUCTURE ‐ RESIDENTIAL
20-29-108-001-0000,1335 W 71ST PL,CHICAGO,5015,ENGLEWOOD ‐ WEST,6,2,CCLBA ‐ FOCUS COMMUNITY (CITY),"$12,995.56",2-03,STRUCTURE ‐ RESIDENTIAL
20-29-115-027-0000,1500 W 73RD ST,CHICAGO,3297,ENGLEWOOD ‐ WEST,17,2,CCLBA ‐ FOCUS COMMUNITY (CITY),"$9,172.25",2-03,STRUCTURE ‐ RESIDENTIAL
20-29-119-002-0000,1277 W 72ND PL,CHICAGO,4685,ENGLEWOOD ‐ WEST,6,2,CCLBA ‐ FOCUS COMMUNITY (CITY),"$9,380.23",2-03,STRUCTURE ‐ RESIDENTIAL
20-29-119-049-0000,1216 W 73RD ST,CHICAGO,3125,ENGLEWOOD ‐ WEST,17,2,CCLBA ‐ FOCUS COMMUNITY (CITY),"$10,599.76",2-03,STRUCTURE ‐ RESIDENTIAL
20-29-124-030-0000,1274 W 73RD PL,CHICAGO,3112,ENGLEWOOD ‐ WEST,17,2,CCLBA ‐ FOCUS COMMUNITY (CITY),"$9,266.55",2-03,STRUCTURE ‐ RESIDENTIAL
20-29-128-016-0000,1328 W 74TH ST,CHICAGO,3116,ENGLEWOOD ‐ WEST,17,2,CCLBA ‐ FOCUS COMMUNITY (CITY),"$11,351.85",2-03,STRUCTURE ‐ RESIDENTIAL
20-30-205-009-0000,1705 W 71ST ST,CHICAGO,3123,ENGLEWOOD ‐ WEST,17,2,CCLBA ‐ FOCUS COMMUNITY (CITY),"$42,093.89",2-11,STRUCTURE ‐ RESIDENTIAL
20-30-205-026-0000,7151 S HERMITAGE AVE,CHICAGO,3103,ENGLEWOOD ‐ WEST,17,2,CCLBA ‐ FOCUS COMMUNITY (CITY),"$10,237.07",2-03,STRUCTURE ‐ RESIDENTIAL
20-30-211-005-0000,7211 S HONORE ST,CHICAGO,3122,ENGLEWOOD ‐ WEST,17,2,CCLBA ‐ FOCUS COMMUNITY (CITY),"$10,428.09",2-03,STRUCTURE ‐ RESIDENTIAL
20-30-219-013-0000,7333 S HONORE ST,CHICAGO,3129,ENGLEWOOD ‐ WEST,17,2,CCLBA ‐ FOCUS COMMUNITY (CITY),"$7,275.63",2-03,STRUCTURE ‐ RESIDENTIAL
20-09-211-045-0000,4938 S PRINCETON AVE,CHICAGO,2948,FULLER PARK,3,2,CCLBA ‐ RESIDENTIAL STRUCTURES,"$12,223.98",2-11,STRUCTURE ‐ RESIDENTIAL
20-09-410-004-0000,5207 S PRINCETON AVE,CHICAGO,2974,FULLER PARK,3,2,CCLBA ‐ RESIDENTIAL STRUCTURES,"$10,035.88",2-11,STRUCTURE ‐ RESIDENTIAL
20-09-410-027-0000,5206 S WELLS ST,CHICAGO,5950,FULLER PARK,3,2,CCLBA ‐ RESIDENTIAL STRUCTURES,"$11,803.32",2-04,STRUCTURE ‐ RESIDENTIAL
20-09-416-004-0000,5311 S SHIELDS AVE,CHICAGO,4147,FULLER PARK,3,2,CCLBA ‐ RESIDENTIAL STRUCTURES,"$10,631.50",2-11,STRUCTURE ‐ RESIDENTIAL
20-09-417-066-0000,5420 S WELLS ST,CHICAGO,4177,FULLER PARK,3,2,CCLBA ‐ RESIDENTIAL STRUCTURES,"$12,240.85",2-11,STRUCTURE ‐ RESIDENTIAL
20-21-413-009-0000,6939 S PRINCETON AVE,CHICAGO,4373,GREATER GRAND CROSSING,6,2,CCLBA ‐ CITY OF CHICAGO MMRP AREA,"$13,199.90",2-11,STRUCTURE ‐ RESIDENTIAL
20-22-105-051-0000,6656 S MICHIGAN AVE,CHICAGO,3120,GREATER GRAND CROSSING,20,2,CCLBA ‐ RESIDENTIAL STRUCTURES,"$19,992.19",2-11,STRUCTURE ‐ RESIDENTIAL
20-22-105-052-0000,6654 S MICHIGAN AVE,CHICAGO,3120,GREATER GRAND CROSSING,20,2,CCLBA ‐ RESIDENTIAL STRUCTURES,"$20,441.74",2-11,STRUCTURE ‐ RESIDENTIAL
20-22-319-005-0000,359 E 69TH ST,CHICAGO,3038,GREATER GRAND CROSSING,6,2,CCLBA ‐ COMMERCIAL/INDUSTRIAL STRUCTURES,"$36,848.18",2-12,STRUCTURE ‐ MIXED USE
20-26-200-002-0000,7103 S WOODLAWN AVE,CHICAGO,2751,GREATER GRAND CROSSING,5,3,CCLBA ‐ RESIDENTIAL STRUCTURES,"$33,800.93",2-11,STRUCTURE ‐ RESIDENTIAL
20-26-303-013-0000,7531 S INGLESIDE AVE,CHICAGO,3128,GREATER GRAND CROSSING,8,3,CCLBA ‐ RESIDENTIAL STRUCTURES,"$16,229.44",2-11,STRUCTURE ‐ RESIDENTIAL
20-28-303-010-0000,7528 S PARNELL AVE,CHICAGO,3334,GREATER GRAND CROSSING,6,3,CCLBA ‐ CITY OF CHICAGO MMRP AREA,"$6,336.45",2-03,STRUCTURE ‐ RESIDENTIAL
25-20-106-022-0000,1250 W 112TH ST,CHICAGO,6222,MORGAN PARK,34,5,CCLBA ‐ CITY OF CHICAGO MMRP AREA,"$22,821.77",2-03,STRUCTURE ‐ RESIDENTIAL
25-20-109-034-0000,1428 W 112TH PL,CHICAGO,7543,MORGAN PARK,34,5,CCLBA ‐ CITY OF CHICAGO MMRP AREA,"$23,651.34",2-03,STRUCTURE ‐ RESIDENTIAL
20-07-414-033-0000,5220 S MARSHFIELD AVE,CHICAGO,3130,NEW CITY,16,11,CCLBA ‐ INVEST SOUTH/WEST INITIATIVE (1/2 MILE BUFFER),"$20,432.49",2-11,STRUCTURE ‐ RESIDENTIAL
20-08-203-046-0000,1006 W 48TH ST,CHICAGO,3012,NEW CITY,20,11,CCLBA ‐ CITY OF CHICAGO MMRP AREA,"$43,442.21",2-11,STRUCTURE ‐ RESIDENTIAL
20-08-216-018-0000,5045 S ABERDEEN ST,CHICAGO,3005,NEW CITY,20,11,CCLBA ‐ CITY OF CHICAGO MMRP AREA,"$44,147.72",2-11,STRUCTURE ‐ RESIDENTIAL
20-08-303-037-0000,5136 S LOOMIS ST,CHICAGO,3111,NEW CITY,20,11,CCLBA ‐ INVEST SOUTH/WEST INITIATIVE (1/2 MILE BUFFER),"$38,339.37",2-11,STRUCTURE ‐ RESIDENTIAL
20-08-309-005-0000,5219 S JUSTINE ST,CHICAGO,3113,NEW CITY,16,11,CCLBA ‐ INVEST SOUTH/WEST INITIATIVE (1/2 MILE BUFFER),"$36,412.60",2-11,STRUCTURE ‐ RESIDENTIAL
20-08-310-025-0000,1445 W 52ND ST,CHICAGO,2534,NEW CITY,20,11,CCLBA ‐ RESIDENTIAL STRUCTURES,"$39,728.22",2-11,STRUCTURE ‐ RESIDENTIAL
20-08-419-021-0000,915 W 53RD ST,CHICAGO,3031,NEW CITY,20,2,CCLBA ‐ RESIDENTIAL STRUCTURES,"$25,639.71",2-11,STRUCTURE ‐ RESIDENTIAL
20-09-303-012-0000,5123 S LOWE AVE,CHICAGO,3124,NEW CITY,3,2,CCLBA ‐ RESIDENTIAL STRUCTURES,"$22,881.22",2-11,STRUCTURE ‐ RESIDENTIAL
20-09-317-036-0000,5330 S UNION AVE,CHICAGO,3147,NEW CITY,20,2,CCLBA ‐ RESIDENTIAL STRUCTURES,"$15,312.60",2-04,STRUCTURE ‐ RESIDENTIAL
16-23-220-036-0000,1449 S SPAULDING AVE,CHICAGO,1749,NORTH LAWNDALE,24,2,CCLBA ‐ NORTH LAWNDALE FOCUS,"$38,111.14",2-11,STRUCTURE ‐ RESIDENTIAL
16-23-308-041-0000,1858 S HARDING AVE,CHICAGO,3321,NORTH LAWNDALE,24,2,CCLBA ‐ FOCUS COMMUNITY (CITY),"$31,072.45",2-03,STRUCTURE ‐ RESIDENTIAL
16-23-313-044-0000,1846 S LAWNDALE AVE,CHICAGO,3000,NORTH LAWNDALE,24,2,CCLBA ‐ FOCUS COMMUNITY (CITY),"$20,533.29",2-03,STRUCTURE ‐ RESIDENTIAL
16-27-202-006-0000,4245 W CERMAK RD,CHICAGO,6239,NORTH LAWNDALE,22,2,CCLBA ‐ FOCUS COMMUNITY (CITY),"$121,395.04",2-12,STRUCTURE ‐ MIXED USE
25-14-101-044-0000,10430 S MARYLAND AVE,CHICAGO,2586,PULLMAN,9,4,CCLBA ‐ ROSELAND FOCUS,"$33,663.14",2-11,STRUCTURE ‐ RESIDENTIAL
25-14-101-049-0000,10440 S MARYLAND AVE,CHICAGO,2604,PULLMAN,9,4,CCLBA ‐ ROSELAND FOCUS,"$42,001.53",2-11,STRUCTURE ‐ RESIDENTIAL
25-14-101-056-0000,10454 S MARYLAND AVE,CHICAGO,4520,PULLMAN,9,4,CCLBA ‐ ROSELAND FOCUS,"$60,547.63",2-11,STRUCTURE ‐ RESIDENTIAL
25-15-405-054-0000,10752 S LANGLEY AVE,CHICAGO,1791,PULLMAN,9,4,CCLBA ‐ ROSELAND FOCUS,"$28,806.70",2-11,STRUCTURE ‐ RESIDENTIAL
25-34-116-014-0000,13290 S VERNON AVE,CHICAGO,5032,RIVERDALE,9,5,CCLBA ‐ RESIDENTIAL STRUCTURES,"$11,253.01",2-03,STRUCTURE ‐ RESIDENTIAL
25-34-301-006-0000,329 E 134TH ST,CHICAGO,7488,RIVERDALE,9,5,OPENLANDS ‐ LITTLE CALUMET RIVER/CITY OF CHICAGO DEPT OF PLANNING & DEVELOPMENT,"$30,781.14",2-03,STRUCTURE ‐ RESIDENTIAL
25-34-310-016-0000,255 E 136TH ST,CHICAGO,4408,RIVERDALE,9,5,CCLBA ‐ RESIDENTIAL STRUCTURES,"$5,829.42",2-03,STRUCTURE ‐ RESIDENTIAL
25-03-432-003-0000,9411 S CHAMPLAIN AVE,CHICAGO,3103,ROSELAND,9,4,CITY OF CHICAGO ‐ DEPT OF PLANNING & DEVELOPMENT,"$86,483.82",2-11,STRUCTURE ‐ RESIDENTIAL
25-09-411-033-0000,10056 S WENTWORTH AVE,CHICAGO,4034,ROSELAND,9,4,CCLBA ‐ FOCUS COMMUNITY (CITY),"$8,950.43",2-03,STRUCTURE ‐ RESIDENTIAL
25-09-415-002-0000,10004 S STATE ST,CHICAGO,4166,ROSELAND,9,4,CCLBA ‐ FOCUS COMMUNITY (CITY),"$24,151.57",2-11,STRUCTURE ‐ RESIDENTIAL
25-09-419-008-0000,10127 S YALE AVE,CHICAGO,5678,ROSELAND,9,4,CCLBA ‐ FOCUS COMMUNITY (CITY),"$17,240.01",2-03,STRUCTURE ‐ RESIDENTIAL
25-09-419-009-0000,10131 S YALE AVE,CHICAGO,4694,ROSELAND,9,4,CCLBA ‐ FOCUS COMMUNITY (CITY),"$12,136.88",2-04,STRUCTURE ‐ RESIDENTIAL
25-09-421-029-0000,10124 S PERRY AVE,CHICAGO,3732,ROSELAND,9,4,CCLBA ‐ FOCUS COMMUNITY (CITY),"$10,658.12",2-03,STRUCTURE ‐ RESIDENTIAL
25-09-424-025-0000,328 W 102ND PL,CHICAGO,3137,ROSELAND,9,4,CCLBA ‐ FOCUS COMMUNITY (CITY),"$14,580.65",2-11,STRUCTURE ‐ RESIDENTIAL
25-09-428-026-0000,10230 S PERRY AVE,CHICAGO,4122,ROSELAND,9,4,CCLBA ‐ FOCUS COMMUNITY (CITY),"$8,132.20",2-03,STRUCTURE ‐ RESIDENTIAL
25-10-308-048-0000,60 E 100TH PL,CHICAGO,3111,ROSELAND,9,5,CCLBA ‐ FOCUS COMMUNITY (CITY),"$18,484.84",2-11,STRUCTURE ‐ RESIDENTIAL
25-10-316-043-0000,56 E 102ND ST,CHICAGO,4173,ROSELAND,9,5,CCLBA ‐ FOCUS COMMUNITY (CITY),"$6,076.02",2-03,STRUCTURE ‐ RESIDENTIAL
25-10-322-001-0000,10201 S STATE ST,CHICAGO,5132,ROSELAND,9,5,CCLBA ‐ FOCUS COMMUNITY (CITY),"$22,198.38",2-03,STRUCTURE ‐ RESIDENTIAL
25-10-323-002-0000,10245 S STATE ST,CHICAGO,3373,ROSELAND,9,5,CCLBA ‐ FOCUS COMMUNITY (CITY),"$14,811.63",2-03,STRUCTURE ‐ RESIDENTIAL
25-10-324-046-0000,10222 S INDIANA AVE,CHICAGO,7255,ROSELAND,9,5,CCLBA ‐ FOCUS COMMUNITY (CITY),"$7,790.44",2-03,STRUCTURE ‐ RESIDENTIAL
25-15-112-027-0000,10406 S INDIANA AVE,CHICAGO,3368,ROSELAND,9,5,CCLBA ‐ FOCUS COMMUNITY (CITY),"$10,913.81",2-03,STRUCTURE ‐ RESIDENTIAL
25-15-118-025-0000,10609 S STATE ST,CHICAGO,4240,ROSELAND,9,5,CCLBA ‐ FOCUS COMMUNITY (CITY),"$13,910.61",2-11,STRUCTURE ‐ RESIDENTIAL
25-15-118-061-0000,10610 S WABASH AVE,CHICAGO,3836,ROSELAND,9,5,CCLBA ‐ FOCUS COMMUNITY (CITY),"$7,094.45",2-03,STRUCTURE ‐ RESIDENTIAL
25-15-120-064-0000,10562 S EDBROOKE AVE,CHICAGO,3401,ROSELAND,9,5,CCLBA ‐ FOCUS COMMUNITY (CITY),"$13,378.65",2-03,STRUCTURE ‐ RESIDENTIAL
25-15-301-017-0000,10749 S WABASH AVE,CHICAGO,4015,ROSELAND,9,5,CCLBA ‐ FOCUS COMMUNITY (CITY),"$12,108.79",2-03,STRUCTURE ‐ RESIDENTIAL
25-15-303-006-0000,153 E 107TH ST,CHICAGO,4248,ROSELAND,9,5,CCLBA ‐ ROSELAND FOCUS,"$80,293.02",2-11,STRUCTURE ‐ RESIDENTIAL
25-15-303-030-0000,10742 S INDIANA AVE,CHICAGO,4118,ROSELAND,9,5,CCLBA ‐ ROSELAND FOCUS,"$30,307.85",2-03,STRUCTURE ‐ RESIDENTIAL
25-15-304-003-0000,209 E 107TH ST,CHICAGO,3744,ROSELAND,9,5,CCLBA ‐ FOCUS COMMUNITY (CITY),"$16,065.07",2-11,STRUCTURE ‐ RESIDENTIAL
25-15-310-048-0000,10017 S MICHIGAN AVE,CHICAGO,3511,ROSELAND,9,5,CCLBA ‐ ROSELAND FOCUS,"$36,636.14",2-12,STRUCTURE ‐ MIXED USE
25-15-311-027-0000,10822 S INDIANA AVE,CHICAGO,4233,ROSELAND,9,5,CCLBA ‐ ROSELAND FOCUS,"$28,994.63",2-11,STRUCTURE ‐ RESIDENTIAL
25-15-316-002-0000,10907 S STATE ST,CHICAGO,4723,ROSELAND,9,5,CCLBA ‐ FOCUS COMMUNITY (CITY),"$14,489.19",2-11,STRUCTURE ‐ RESIDENTIAL
25-15-317-034-0000,10952 S MICHIGAN AVE,CHICAGO,3017,ROSELAND,9,5,CCLBA ‐ ROSELAND FOCUS,"$59,271.28",2-12,STRUCTURE ‐ MIXED USE
25-15-319-005-0000,10913 S EDBROOKE AVE,CHICAGO,4796,ROSELAND,9,5,CCLBA ‐ ROSELAND FOCUS,"$24,212.47",2-11,STRUCTURE ‐ RESIDENTIAL
25-15-319-011-0000,10935 S EDBROOKE AVE,CHICAGO,3636,ROSELAND,9,5,CCLBA ‐ ROSELAND FOCUS,"$38,655.76",2-11,STRUCTURE ‐ RESIDENTIAL
25-15-319-013-0000,10941 S EDBROOKE AVE,CHICAGO,3639,ROSELAND,9,5,CCLBA ‐ ROSELAND FOCUS,"$8,025.54",2-11,STRUCTURE ‐ RESIDENTIAL
25-15-319-023-0000,10914 S INDIANA AVE,CHICAGO,4805,ROSELAND,9,5,CCLBA ‐ ROSELAND FOCUS,"$52,503.78",2-11,STRUCTURE ‐ RESIDENTIAL
25-15-322-022-0000,11026 S EDBROOKE AVE,CHICAGO,4453,ROSELAND,9,5,CCLBA ‐ ROSELAND FOCUS,"$33,710.92",2-11,STRUCTURE ‐ RESIDENTIAL
25-16-200-028-0000,305 W 103RD PL,CHICAGO,4111,ROSELAND,34,5,CCLBA ‐ FOCUS COMMUNITY (CITY),"$4,027.72",2-03,STRUCTURE ‐ RESIDENTIAL
25-16-209-016-0000,119 W 104TH PL,CHICAGO,4691,ROSELAND,34,5,CCLBA ‐ FOCUS COMMUNITY (CITY),"$14,767.44",2-11,STRUCTURE ‐ RESIDENTIAL
25-16-212-060-0000,304 W 106TH PL,CHICAGO,3108,ROSELAND,34,5,CCLBA ‐ FOCUS COMMUNITY (CITY),"$6,620.36",2-03,STRUCTURE ‐ RESIDENTIAL
25-16-214-015-0000,10545 S LASALLE ST,CHICAGO,3386,ROSELAND,34,5,CCLBA ‐ FOCUS COMMUNITY (CITY),"$17,755.19",2-03,STRUCTURE ‐ RESIDENTIAL
25-16-216-055-0000,10612 S STATE ST,CHICAGO,3664,ROSELAND,34,5,CCLBA ‐ FOCUS COMMUNITY (CITY),"$7,558.69",2-03,STRUCTURE ‐ RESIDENTIAL
25-16-217-024-0000,255 W 106TH PL,CHICAGO,4707,ROSELAND,34,5,CCLBA ‐ FOCUS COMMUNITY (CITY),"$25,671.20",2-03,STRUCTURE ‐ RESIDENTIAL
25-16-217-081-0000,10652 S WENTWORTH AVE,CHICAGO,4706,ROSELAND,34,5,CCLBA ‐ FOCUS COMMUNITY (CITY),"$13,092.86",2-03,STRUCTURE ‐ RESIDENTIAL
25-16-217-087-0000,250 W 107TH ST,CHICAGO,4084,ROSELAND,34,5,CCLBA ‐ FOCUS COMMUNITY (CITY),"$8,835.65",2-03,STRUCTURE ‐ RESIDENTIAL
25-16-219-011-0000,120 W 107TH ST,CHICAGO,4396,ROSELAND,34,5,CCLBA ‐ FOCUS COMMUNITY (CITY),"$7,289.55",2-03,STRUCTURE ‐ RESIDENTIAL
25-16-220-002-0000,10636 S LAFAYETTE AVE,CHICAGO,6365,ROSELAND,34,5,CCLBA ‐ FOCUS COMMUNITY (CITY),"$20,497.28",2-03,STRUCTURE ‐ RESIDENTIAL
25-16-400-062-0000,10718 S WENTWORTH AVE,CHICAGO,4701,ROSELAND,34,5,CCLBA ‐ FOCUS COMMUNITY (CITY),"$15,935.08",2-11,STRUCTURE ‐ RESIDENTIAL
25-16-402-026-0000,224 W 108TH ST,CHICAGO,3737,ROSELAND,34,5,CCLBA ‐ FOCUS COMMUNITY (CITY),"$12,420.00",2-03,STRUCTURE ‐ RESIDENTIAL
25-16-404-006-0000,107 W 107TH ST,CHICAGO,4686,ROSELAND,34,5,CCLBA ‐ FOCUS COMMUNITY (CITY),"$7,716.46",2-03,STRUCTURE ‐ RESIDENTIAL
25-16-405-018-0000,10443 S PERRY AVE,CHICAGO,4578,ROSELAND,34,5,CCLBA ‐ FOCUS COMMUNITY (CITY),"$10,859.42",2-03,STRUCTURE ‐ RESIDENTIAL
25-16-410-030-0000,10804 S STATE ST,CHICAGO,4506,ROSELAND,34,5,CCLBA ‐ FOCUS COMMUNITY (CITY),"$6,909.06",2-03,STRUCTURE ‐ RESIDENTIAL
25-16-424-003-0000,251 W 110TH ST,CHICAGO,3112,ROSELAND,34,5,CCLBA ‐ FOCUS COMMUNITY (CITY),"$21,372.67",2-11,STRUCTURE ‐ RESIDENTIAL
25-16-425-037-0000,102 W 110TH PL,CHICAGO,4178,ROSELAND,34,5,CCLBA ‐ FOCUS COMMUNITY (CITY),"$9,189.49",2-11,STRUCTURE ‐ RESIDENTIAL
25-16-428-016-0000,213 W 110TH PL,CHICAGO,2979,ROSELAND,34,5,CCLBA ‐ FOCUS COMMUNITY (CITY),"$13,928.57",2-11,STRUCTURE ‐ RESIDENTIAL
25-16-428-020-0000,203 W 110TH PL,CHICAGO,2979,ROSELAND,34,5,CCLBA ‐ FOCUS COMMUNITY (CITY),"$10,282.53",2-03,STRUCTURE ‐ RESIDENTIAL
25-21-202-026-0000,124 W 111TH PL,CHICAGO,3884,ROSELAND,34,5,CCLBA ‐ FOCUS COMMUNITY (CITY),"$10,929.92",2-11,STRUCTURE ‐ RESIDENTIAL
25-21-207-037-0000,20 W 112TH ST,CHICAGO,4605,ROSELAND,34,5,CCLBA ‐ FOCUS COMMUNITY (CITY),"$17,660.23",2-11,STRUCTURE ‐ RESIDENTIAL
25-21-208-016-0000,330 W 112TH PL,CHICAGO,5275,ROSELAND,34,5,CHICAGO TRANSIT AUTHORITY ‐ RED LINE EXTENSION,"$7,542.09",2-03,STRUCTURE ‐ RESIDENTIAL
25-21-214-014-0000,107 W 112TH PL,CHICAGO,3143,ROSELAND,34,5,CCLBA ‐ FOCUS COMMUNITY (CITY),"$31,789.67",2-03,STRUCTURE ‐ RESIDENTIAL
25-21-216-014-0000,11347 S STEWART AVE,CHICAGO,4438,ROSELAND,34,5,CCLBA ‐ FOCUS COMMUNITY (CITY),"$9,234.49",2-03,STRUCTURE ‐ RESIDENTIAL
25-21-217-008-0000,11335 S HARVARD AVE,CHICAGO,4349,ROSELAND,34,5,CCLBA ‐ FOCUS COMMUNITY (CITY),"$5,631.57",2-11,STRUCTURE ‐ RESIDENTIAL
25-21-227-009-0000,11437 S YALE AVE,CHICAGO,3882,ROSELAND,34,5,CCLBA ‐ FOCUS COMMUNITY (CITY),"$11,492.83",2-03,STRUCTURE ‐ RESIDENTIAL
25-21-227-014-0000,11426 S WENTWORTH AVE,CHICAGO,4609,ROSELAND,34,5,CCLBA ‐ FOCUS COMMUNITY (CITY),"$8,909.13",2-03,STRUCTURE ‐ RESIDENTIAL
25-21-230-022-0000,40 W 115TH ST,CHICAGO,6211,ROSELAND,34,5,CHICAGO TRANSIT AUTHORITY ‐ RED LINE EXTENSION,"$19,413.14",2-11,STRUCTURE ‐ RESIDENTIAL
25-21-230-026-0000,26 W 115TH ST,CHICAGO,4970,ROSELAND,34,5,CCLBA ‐ FOCUS COMMUNITY (CITY),"$16,601.51",2-03,STRUCTURE ‐ RESIDENTIAL
25-22-103-011-0000,11123 S EDBROOKE AVE,CHICAGO,5284,ROSELAND,9,5,CCLBA ‐ ROSELAND FOCUS,"$42,988.24",2-11,STRUCTURE ‐ RESIDENTIAL
25-22-103-012-0000,11127 S EDBROOKE AVE,CHICAGO,5285,ROSELAND,9,5,CCLBA ‐ FOCUS COMMUNITY (CITY),"$25,088.18",2-11,STRUCTURE ‐ RESIDENTIAL
25-22-108-015-0000,11251 S EDBROOKE AVE,CHICAGO,3713,ROSELAND,9,5,CCLBA ‐ ROSELAND FOCUS,"$31,084.88",2-11,STRUCTURE ‐ RESIDENTIAL
25-22-108-024-0000,11222 S INDIANA AVE,CHICAGO,5205,ROSELAND,9,5,CCLBA ‐ ROSELAND FOCUS,"$39,886.46",2-03,STRUCTURE ‐ RESIDENTIAL
25-22-109-030-0000,11314 S MICHIGAN AVE,CHICAGO,3009,ROSELAND,9,5,CCLBA ‐ INVEST SOUTH/WEST INITIATIVE (ISW CORRIDOR),"$63,883.70",2-12,STRUCTURE ‐ MIXED USE
25-22-112-042-0000,11350 S EDBROOKE AVE,CHICAGO,5741,ROSELAND,9,5,CCLBA ‐ FOCUS COMMUNITY (CITY),"$19,157.70",2-11,STRUCTURE ‐ RESIDENTIAL
25-22-113-005-0000,11311 S EDBROOKE AVE,CHICAGO,3692,ROSELAND,9,5,CCLBA ‐ ROSELAND FOCUS,"$26,402.44",2-11,STRUCTURE ‐ RESIDENTIAL
25-22-113-011-0000,11331 S EDBROOKE AVE,CHICAGO,4513,ROSELAND,9,5,CCLBA ‐ ROSELAND FOCUS,"$49,734.37",2-11,STRUCTURE ‐ RESIDENTIAL
25-22-113-045-0000,11338 S INDIANA AVE,CHICAGO,5095,ROSELAND,9,5,CCLBA ‐ ROSELAND FOCUS,"$31,859.82",2-11,STRUCTURE ‐ RESIDENTIAL
25-22-117-007-0000,11351 S CALUMET AVE,CHICAGO,3742,ROSELAND,9,5,CCLBA ‐ FOCUS COMMUNITY (CITY),"$17,102.69",2-03,STRUCTURE ‐ RESIDENTIAL
21-31-112-020-0000,8010 S SAGINAW AVE,CHICAGO,3111,SOUTH CHICAGO,7,4,CCLBA ‐ INVEST SOUTH/WEST INITIATIVE (1/2 MILE BUFFER),"$31,647.27",2-11,STRUCTURE ‐ RESIDENTIAL
21-31-200-015-0000,7941 S BURNHAM AVE,CHICAGO,3109,SOUTH CHICAGO,7,4,CCLBA ‐ INVEST SOUTH/WEST INITIATIVE (1/2 MILE BUFFER),"$20,352.25",2-11,STRUCTURE ‐ RESIDENTIAL
21-31-202-015-0000,7941 S ESCANABA AVE,CHICAGO,3105,SOUTH CHICAGO,7,4,CCLBA ‐ INVEST SOUTH/WEST INITIATIVE (1/2 MILE BUFFER),"$17,545.81",2-03,STRUCTURE ‐ RESIDENTIAL
21-31-202-020-0000,7953 S ESCANABA AVE,CHICAGO,4471,SOUTH CHICAGO,7,4,CCLBA ‐ INVEST SOUTH/WEST INITIATIVE (1/2 MILE BUFFER),"$48,621.48",2-11,STRUCTURE ‐ RESIDENTIAL
21-31-204-041-0000,3052 E 79TH PL,CHICAGO,3151,SOUTH CHICAGO,7,4,CCLBA ‐ INVEST SOUTH/WEST INITIATIVE (1/2 MILE BUFFER),"$17,816.77",2-11,STRUCTURE ‐ RESIDENTIAL
21-31-213-011-0000,8031 S HOUSTON AVE,CHICAGO,3112,SOUTH CHICAGO,7,4,CCLBA ‐ INVEST SOUTH/WEST INITIATIVE (1/2 MILE BUFFER),"$45,480.83",2-11,STRUCTURE ‐ RESIDENTIAL
21-31-216-006-0000,8115 S BURNHAM AVE,CHICAGO,3111,SOUTH CHICAGO,7,4,CCLBA ‐ INVEST SOUTH/WEST INITIATIVE (1/2 MILE BUFFER),"$48,499.32",2-11,STRUCTURE ‐ RESIDENTIAL
21-31-216-021-0000,8153 S BURNHAM AVE,CHICAGO,2997,SOUTH CHICAGO,7,4,CCLBA ‐ INVEST SOUTH/WEST INITIATIVE (1/2 MILE BUFFER),"$15,882.53",2-03,STRUCTURE ‐ RESIDENTIAL
21-31-217-015-0000,8135 S MUSKEGON AVE,CHICAGO,3114,SOUTH CHICAGO,7,4,CCLBA ‐ INVEST SOUTH/WEST INITIATIVE (1/2 MILE BUFFER),"$12,974.32",2-03,STRUCTURE ‐ RESIDENTIAL
21-31-220-015-0000,2950 E 82ND ST,CHICAGO,3038,SOUTH CHICAGO,7,4,CCLBA ‐ INVEST SOUTH/WEST INITIATIVE (1/2 MILE BUFFER),"$27,788.90",2-03,STRUCTURE ‐ RESIDENTIAL
21-31-225-004-0000,2769 E 82ND ST,CHICAGO,3098,SOUTH CHICAGO,7,4,CCLBA ‐ INVEST SOUTH/WEST INITIATIVE (1/2 MILE BUFFER),"$8,179.93",2-03,STRUCTURE ‐ RESIDENTIAL
21-31-302-032-0000,8332 S KINGSTON AVE,CHICAGO,3162,SOUTH CHICAGO,7,4,CCLBA ‐ RESIDENTIAL STRUCTURES,"$17,083.29",2-11,STRUCTURE ‐ RESIDENTIAL
21-31-304-017-0000,8339 S COLFAX AVE,CHICAGO,3775,SOUTH CHICAGO,7,4,CCLBA ‐ INVEST SOUTH/WEST INITIATIVE (1/2 MILE BUFFER),"$25,872.10",2-11,STRUCTURE ‐ RESIDENTIAL
21-31-322-005-0000,8513 S MARQUETTE AVE,CHICAGO,3130,SOUTH CHICAGO,7,4,CCLBA ‐ INVEST SOUTH/WEST INITIATIVE (1/2 MILE BUFFER),"$15,044.14",2-11,STRUCTURE ‐ RESIDENTIAL
21-31-400-005-0000,8300 S BALTIMORE AVE,CHICAGO,3524,SOUTH CHICAGO,7,4,CCLBA ‐ INVEST SOUTH/WEST INITIATIVE (1/2 MILE BUFFER),"$24,361.35",2-11,STRUCTURE ‐ RESIDENTIAL
21-31-400-020-0000,8316 S MUSKEGON AVE,CHICAGO,4973,SOUTH CHICAGO,7,4,CCLBA ‐ INVEST SOUTH/WEST INITIATIVE (1/2 MILE BUFFER),"$12,167.63",2-11,STRUCTURE ‐ RESIDENTIAL
21-31-409-019-0000,8457 S BURNHAM AVE,CHICAGO,3006,SOUTH CHICAGO,7,4,CCLBA ‐ INVEST SOUTH/WEST INITIATIVE (1/2 MILE BUFFER),"$10,338.46",2-03,STRUCTURE ‐ RESIDENTIAL
21-32-201-026-0000,8312 S BUFFALO AVE,CHICAGO,6229,SOUTH CHICAGO,10,4,CCLBA ‐ INVEST SOUTH/WEST INITIATIVE (1/2 MILE BUFFER),"$15,935.13",2-11,STRUCTURE ‐ RESIDENTIAL
21-32-201-028-0000,8320 S BUFFALO AVE,CHICAGO,3116,SOUTH CHICAGO,10,4,CCLBA ‐ INVEST SOUTH/WEST INITIATIVE (1/2 MILE BUFFER),"$17,700.36",2-11,STRUCTURE ‐ RESIDENTIAL
21-32-201-035-0000,8340 S BUFFALO AVE,CHICAGO,3116,SOUTH CHICAGO,10,4,CCLBA ‐ INVEST SOUTH/WEST INITIATIVE (1/2 MILE BUFFER),"$6,810.50",2-11,STRUCTURE ‐ RESIDENTIAL
21-32-204-030-0000,8414 S BURLEY AVE,CHICAGO,3097,SOUTH CHICAGO,10,4,CCLBA ‐ INVEST SOUTH/WEST INITIATIVE (1/2 MILE BUFFER),"$17,896.73",2-11,STRUCTURE ‐ RESIDENTIAL
26-05-101-029-0000,8732 S MACKINAW AVE,CHICAGO,3526,SOUTH CHICAGO,10,4,CCLBA ‐ INVEST SOUTH/WEST INITIATIVE (1/2 MILE BUFFER),"$3,673.15",2-11,STRUCTURE ‐ RESIDENTIAL
26-06-112-016-0000,8839 S COLFAX AVE,CHICAGO,3472,SOUTH CHICAGO,7,4,CCLBA ‐ INVEST SOUTH/WEST INITIATIVE (1/2 MILE BUFFER),"$10,524.22",2-03,STRUCTURE ‐ RESIDENTIAL
26-06-202-005-0000,8713 S EXCHANGE AVE,CHICAGO,3488,SOUTH CHICAGO,10,4,CCLBA ‐ INVEST SOUTH/WEST INITIATIVE (1/2 MILE BUFFER),"$27,833.66",2-11,STRUCTURE ‐ RESIDENTIAL
26-06-202-009-0000,8723 S EXCHANGE AVE,CHICAGO,3488,SOUTH CHICAGO,10,4,CCLBA ‐ INVEST SOUTH/WEST INITIATIVE (1/2 MILE BUFFER),"$48,093.12",2-11,STRUCTURE ‐ RESIDENTIAL
26-06-203-026-0000,8708 S HOUSTON AVE,CHICAGO,3475,SOUTH CHICAGO,10,4,CCLBA ‐ INVEST SOUTH/WEST INITIATIVE (1/2 MILE BUFFER),"$41,801.51",2-11,STRUCTURE ‐ RESIDENTIAL
26-06-204-026-0000,8704 S BALTIMORE AVE,CHICAGO,4230,SOUTH CHICAGO,10,4,CCLBA ‐ INVEST SOUTH/WEST INITIATIVE (1/2 MILE BUFFER),"$30,765.47",2-11,STRUCTURE ‐ RESIDENTIAL
26-06-405-035-0000,3134 E 92ND ST,CHICAGO,2761,SOUTH CHICAGO,10,4,CCLBA ‐ INVEST SOUTH/WEST INITIATIVE (ISW CORRIDOR),"$28,447.41",2-12,STRUCTURE ‐ MIXED USE
20-26-403-032-0000,1400 E 76TH ST,CHICAGO,4121,SOUTH SHORE,8,3,CCLBA ‐ FOCUS COMMUNITY (CITY),"$17,697.37",2-11,STRUCTURE ‐ RESIDENTIAL
21-30-400-005-0000,2813 E 77TH ST,CHICAGO,2829,SOUTH SHORE,7,4,CCLBA ‐ FOCUS COMMUNITY (CITY),"$16,143.08",2-12,STRUCTURE ‐ MIXED USE
21-30-403-013-0000,7767 S EXCHANGE AVE,CHICAGO,4972,SOUTH SHORE,7,4,CCLBA ‐ FOCUS COMMUNITY (CITY),"$10,212.53",2-03,STRUCTURE ‐ RESIDENTIAL
25-08-228-006-0000,9823 S CARPENTER ST,CHICAGO,4302,WASHINGTON HEIGHTS,34,5,CCLBA ‐ RESIDENTIAL STRUCTURES,"$17,763.41",2-03,STRUCTURE ‐ RESIDENTIAL
25-09-319-018-0000,10110 S WALLACE ST,CHICAGO,6261,WASHINGTON HEIGHTS,9,4,CCLBA ‐ RESIDENTIAL STRUCTURES,"$26,963.09",2-03,STRUCTURE ‐ RESIDENTIAL
25-09-326-003-0000,10207 S UNION AVE,CHICAGO,4384,WASHINGTON HEIGHTS,34,5,CCLBA ‐ RESIDENTIAL STRUCTURES,"$15,095.85",2-03,STRUCTURE ‐ RESIDENTIAL
20-16-206-035-0000,5627 S PERRY AVE,CHICAGO,2359,WASHINGTON PARK,3,2,CCLBA ‐ RESIDENTIAL STRUCTURES,"$16,895.23",2-11,STRUCTURE ‐ RESIDENTIAL
20-16-215-009-0000,5727 S LAFAYETTE AVE,CHICAGO,2579,WASHINGTON PARK,20,2,CCLBA ‐ RESIDENTIAL STRUCTURES,"$13,172.86",2-11,STRUCTURE ‐ RESIDENTIAL
16-15-209-035-0000,4220 W ADAMS ST,CHICAGO,3040,WEST GARFIELD PARK,28,1,CCLBA ‐ CITY OF CHICAGO MMRP AREA,"$19,388.77",2-11,STRUCTURE ‐ RESIDENTIAL
25-20-420-024-0000,11822 S SANGAMON ST,CHICAGO,3137,WEST PULLMAN,34,5,CCLBA ‐ CITY OF CHICAGO MMRP AREA,"$9,332.01",2-11,STRUCTURE ‐ RESIDENTIAL
25-21-303-020-0000,743 W 116TH ST,CHICAGO,4601,WEST PULLMAN,34,5,CCLBA ‐ RESIDENTIAL STRUCTURES,"$21,604.50",2-03,STRUCTURE ‐ RESIDENTIAL
25-21-306-024-0000,558 W 116TH ST,CHICAGO,4114,WEST PULLMAN,34,5,CCLBA ‐ RESIDENTIAL STRUCTURES,"$12,703.43",2-03,STRUCTURE ‐ RESIDENTIAL
25-21-331-001-0000,11801 S LOWE AVE,CHICAGO,3757,WEST PULLMAN,34,5,CCLBA ‐ RESIDENTIAL STRUCTURES,"$10,163.40",2-03,STRUCTURE ‐ RESIDENTIAL
25-21-404-049-0000,11568 S LASALLE ST,CHICAGO,6025,WEST PULLMAN,34,5,CCLBA ‐ INVEST SOUTH/WEST INITIATIVE (1/2 MILE BUFFER),"$22,012.55",2-03,STRUCTURE ‐ RESIDENTIAL
25-21-404-050-0000,11570 S LASALLE ST,CHICAGO,4819,WEST PULLMAN,34,5,CCLBA ‐ INVEST SOUTH/WEST INITIATIVE (1/2 MILE BUFFER),"$6,550.12",2-03,STRUCTURE ‐ RESIDENTIAL
25-21-406-003-0000,11521 S PERRY AVE,CHICAGO,6006,WEST PULLMAN,34,5,CCLBA ‐ INVEST SOUTH/WEST INITIATIVE (1/2 MILE BUFFER),"$6,939.85",2-11,STRUCTURE ‐ RESIDENTIAL
25-21-406-036-0000,11542 S LAFAYETTE AVE,CHICAGO,3269,WEST PULLMAN,34,5,CCLBA ‐ INVEST SOUTH/WEST INITIATIVE (1/2 MILE BUFFER),"$8,241.21",2-03,STRUCTURE ‐ RESIDENTIAL
25-21-408-028-0000,11644 S HARVARD AVE,CHICAGO,4648,WEST PULLMAN,34,5,CCLBA ‐ INVEST SOUTH/WEST INITIATIVE (1/2 MILE BUFFER),"$32,708.52",2-11,STRUCTURE ‐ RESIDENTIAL
25-21-409-033-0000,324 W 117TH ST,CHICAGO,3679,WEST PULLMAN,34,5,CCLBA ‐ INVEST SOUTH/WEST INITIATIVE (1/2 MILE BUFFER),"$13,305.78",2-03,STRUCTURE ‐ RESIDENTIAL
25-21-412-013-0000,142 W 117TH ST,CHICAGO,3621,WEST PULLMAN,34,5,CCLBA ‐ INVEST SOUTH/WEST INITIATIVE (1/2 MILE BUFFER),"$9,937.07",2-03,STRUCTURE ‐ RESIDENTIAL
25-21-415-037-0000,310 W 118TH ST,CHICAGO,3887,WEST PULLMAN,34,5,CCLBA ‐ RESIDENTIAL STRUCTURES,"$15,112.03",2-03,STRUCTURE ‐ RESIDENTIAL
25-21-418-036-0000,132 W 118TH ST,CHICAGO,3248,WEST PULLMAN,34,5,CCLBA ‐ INVEST SOUTH/WEST INITIATIVE (1/2 MILE BUFFER),"$11,845.93",2-03,STRUCTURE ‐ RESIDENTIAL
25-21-418-039-0000,134 W 118TH ST,CHICAGO,3436,WEST PULLMAN,34,5,CCLBA ‐ INVEST SOUTH/WEST INITIATIVE (1/2 MILE BUFFER),"$12,224.67",2-11,STRUCTURE ‐ RESIDENTIAL
25-21-419-020-0000,11722 S PERRY AVE,CHICAGO,2997,WEST PULLMAN,34,5,CCLBA ‐ INVEST SOUTH/WEST INITIATIVE (1/2 MILE BUFFER),"$7,425.07",2-11,STRUCTURE ‐ RESIDENTIAL
25-22-300-013-0000,11567 S STATE ST,CHICAGO,2924,WEST PULLMAN,9,5,CHICAGO TRANSIT AUTHORITY ‐ RED LINE EXTENSION,"$45,553.57",2-11,STRUCTURE ‐ RESIDENTIAL
25-22-303-051-0000,344 E KENSINGTON AVE,CHICAGO,5246,WEST PULLMAN,9,5,CCLBA ‐ INVEST SOUTH/WEST INITIATIVE (1/2 MILE BUFFER),"$51,103.89",2-11,STRUCTURE ‐ RESIDENTIAL
25-22-308-019-0000,163 E 116TH ST,CHICAGO,3846,WEST PULLMAN,9,5,CHICAGO TRANSIT AUTHORITY ‐ RED LINE EXTENSION,"$17,523.45",2-11,STRUCTURE ‐ RESIDENTIAL
25-22-310-043-0000,11718 S INDIANA AVE,CHICAGO,3261,WEST PULLMAN,9,5,UNITED POWER,"$41,014.04",2-11,STRUCTURE ‐ RESIDENTIAL
25-22-313-029-0000,11750 S MICHIGAN AVE,CHICAGO,6050,WEST PULLMAN,9,5,CCLBA ‐ INVEST SOUTH/WEST INITIATIVE (1/2 MILE BUFFER),"$33,164.78",2-11,STRUCTURE ‐ RESIDENTIAL
25-22-314-011-0000,125 E 117TH PL,CHICAGO,2829,WEST PULLMAN,9,5,UNITED POWER,"$19,878.88",2-11,STRUCTURE ‐ RESIDENTIAL
25-22-314-029-0000,138 E 118TH ST,CHICAGO,2828,WEST PULLMAN,9,5,UNITED POWER,"$86,679.23",2-04,STRUCTURE ‐ RESIDENTIAL
25-22-315-020-0000,11724 S PRAIRIE AVE,CHICAGO,3125,WEST PULLMAN,9,5,UNITED POWER,"$33,895.50",2-03,STRUCTURE ‐ RESIDENTIAL
25-27-109-019-0000,22 E 120TH PL,CHICAGO,4260,WEST PULLMAN,9,5,CCLBA ‐ INVEST SOUTH/WEST INITIATIVE (1/2 MILE BUFFER),"$4,397.95",2-11,STRUCTURE ‐ RESIDENTIAL
25-27-117-013-0000,225 E 120TH PL,CHICAGO,3448,WEST PULLMAN,9,5,CCLBA ‐ RESIDENTIAL STRUCTURES,"$12,449.78",2-11,STRUCTURE ‐ RESIDENTIAL
25-28-101-013-0000,11919 S EMERALD AVE,CHICAGO,3088,WEST PULLMAN,34,5,CCLBA ‐ RESIDENTIAL STRUCTURES,"$35,062.34",2-11,STRUCTURE ‐ RESIDENTIAL
25-28-106-035-0000,11944 S EGGLESTON AVE,CHICAGO,3201,WEST PULLMAN,34,5,CCLBA ‐ RESIDENTIAL STRUCTURES,"$8,783.40",2-11,STRUCTURE ‐ RESIDENTIAL
25-28-113-011-0000,12023 S PARNELL AVE,CHICAGO,4630,WEST PULLMAN,34,5,CCLBA ‐ RESIDENTIAL STRUCTURES,"$8,732.00",2-11,STRUCTURE ‐ RESIDENTIAL
25-28-122-006-0000,12117 S NORMAL AVE,CHICAGO,4106,WEST PULLMAN,34,5,CCLBA ‐ RESIDENTIAL STRUCTURES,"$13,608.22",2-03,STRUCTURE ‐ RESIDENTIAL
25-28-122-021-0000,12110 S EGGLESTON AVE,CHICAGO,4620,WEST PULLMAN,34,5,CCLBA ‐ RESIDENTIAL STRUCTURES,"$6,347.88",2-03,STRUCTURE ‐ RESIDENTIAL
25-28-127-005-0000,12217 S LOWE AVE,CHICAGO,3701,WEST PULLMAN,34,5,CCLBA ‐ RESIDENTIAL STRUCTURES,"$12,204.90",2-03,STRUCTURE ‐ RESIDENTIAL
25-28-130-023-0000,12210 S EGGLESTON AVE,CHICAGO,4620,WEST PULLMAN,34,5,CCLBA ‐ RESIDENTIAL STRUCTURES,"$7,847.88",2-03,STRUCTURE ‐ RESIDENTIAL
25-28-207-034-0000,11932 S STATE ST,CHICAGO,3075,WEST PULLMAN,9,5,CCLBA ‐ INVEST SOUTH/WEST INITIATIVE (1/2 MILE BUFFER),"$12,125.08",2-03,STRUCTURE ‐ RESIDENTIAL
25-28-314-026-0000,12424 S EGGLESTON AVE,CHICAGO,3091,WEST PULLMAN,34,5,CCLBA ‐ RESIDENTIAL STRUCTURES,"$4,455.45",2-03,STRUCTURE ‐ RESIDENTIAL
25-28-314-027-0000,12428 S EGGLESTON AVE,CHICAGO,3094,WEST PULLMAN,34,5,CCLBA ‐ RESIDENTIAL STRUCTURES,"$6,384.11",2-03,STRUCTURE ‐ RESIDENTIAL
25-29-210-016-0000,12143 S GREEN ST,CHICAGO,6394,WEST PULLMAN,34,5,CITY OF CHICAGO ‐ DEPT OF PLANNING & DEVELOPMENT,"$51,192.14",2-11,STRUCTURE ‐ RESIDENTIAL
25-29-217-040-0000,12250 S GREEN ST,CHICAGO,3136,WEST PULLMAN,34,5,CCLBA ‐ RESIDENTIAL STRUCTURES,"$7,602.08",2-11,STRUCTURE ‐ RESIDENTIAL
25-32-211-004-0000,817 W VERMONT AVE,CHICAGO,3600,WEST PULLMAN,34,5,CCLBA ‐ RESIDENTIAL STRUCTURES,"$19,118.07",2-03,STRUCTURE ‐ RESIDENTIAL
25-33-115-086-0000,520 W 129TH PL,CHICAGO,4945,WEST PULLMAN,9,5,CCLBA ‐ RESIDENTIAL STRUCTURES,"$8,242.78",2-03,STRUCTURE ‐ RESIDENTIAL
20-22-203-029-0000,6312 S SAINT LAWRENCE AVE,CHICAGO,3055,WOODLAWN,20,3,CCLBA ‐ FOCUS COMMUNITY (CITY),"$35,742.84",2-11,STRUCTURE ‐ RESIDENTIAL
20-22-220-041-0000,6556 S CHAMPLAIN AVE,CHICAGO,3078,WOODLAWN,20,3,CCLBA ‐ FOCUS COMMUNITY (CITY),"$13,023.00",2-03,STRUCTURE ‐ RESIDENTIAL
29-01-300-033-0000,1880 STATE ST,CALUMET CITY,5141,,,4,CCLBA ‐ FOCUS COMMUNITY (SUBURBS),"$129,282.72",2-11,STRUCTURE ‐ RESIDENTIAL
29-12-115-059-0000,361 MERRILL AVE,CALUMET CITY,5978,,,4,CCLBA ‐ FOCUS COMMUNITY (SUBURBS),"$35,292.51",2-03,STRUCTURE ‐ RESIDENTIAL
29-12-118-024-0000,404 MADISON AVE,CALUMET CITY,4982,,,4,CCLBA ‐ FOCUS COMMUNITY (SUBURBS),"$98,398.82",2-11,STRUCTURE ‐ RESIDENTIAL
29-12-201-024-0000,282 CRANDON AVE,CALUMET CITY,5139,,,4,CCLBA ‐ FOCUS COMMUNITY (SUBURBS),"$87,638.23",2-11,STRUCTURE ‐ RESIDENTIAL
29-12-211-012-0000,355 OGLESBY AVE,CALUMET CITY,5050,,,4,CCLBA ‐ FOCUS COMMUNITY (SUBURBS),"$41,156.77",2-03,STRUCTURE ‐ RESIDENTIAL
30-07-209-012-0000,405 GREENBAY AVE,CALUMET CITY,5004,,,4,CCLBA ‐ FOCUS COMMUNITY (SUBURBS),"$57,895.49",2-11,STRUCTURE ‐ RESIDENTIAL
30-07-213-027-0000,810 SIBLEY BLVD,CALUMET CITY,2994,,,4,CCLBA ‐ FOCUS COMMUNITY (SUBURBS),"$31,120.08",2-11,STRUCTURE ‐ RESIDENTIAL
30-08-307-006-0000,435 SIBLEY BLVD,CALUMET CITY,6224,,,4,CCLBA ‐ FOCUS COMMUNITY (SUBURBS),"$45,801.93",2-03,STRUCTURE ‐ RESIDENTIAL
30-08-329-005-0000,669 FREELAND AVE,CALUMET CITY,3404,,,4,CCLBA ‐ FOCUS COMMUNITY (SUBURBS),"$20,469.80",2-03,STRUCTURE ‐ RESIDENTIAL
30-08-406-025-0000,568 FORSYTHE AVE,CALUMET CITY,4660,,,4,CCLBA ‐ FOCUS COMMUNITY (SUBURBS),"$30,312.51",2-03,STRUCTURE ‐ RESIDENTIAL
30-08-407-036-0000,32 MEMORIAL DR,CALUMET CITY,3237,,,4,CCLBA ‐ FOCUS COMMUNITY (SUBURBS),"$59,001.79",2-11,STRUCTURE ‐ RESIDENTIAL
30-17-102-039-0000,316 154TH PL,CALUMET CITY,2948,,,4,CCLBA ‐ FOCUS COMMUNITY (SUBURBS),"$11,940.02",2-03,STRUCTURE ‐ RESIDENTIAL
30-17-103-032-0000,228 154TH PL,CALUMET CITY,2880,,,4,CCLBA ‐ FOCUS COMMUNITY (SUBURBS),"$41,379.17",2-03,STRUCTURE ‐ RESIDENTIAL
30-17-105-070-0000,418 155TH ST,CALUMET CITY,6197,,,4,CCLBA ‐ FOCUS COMMUNITY (SUBURBS),"$43,752.98",2-03,STRUCTURE ‐ RESIDENTIAL
30-17-106-048-0000,303 154TH PL,CALUMET CITY,1603,,,4,CCLBA ‐ FOCUS COMMUNITY (SUBURBS),"$11,710.23",2-11,STRUCTURE ‐ RESIDENTIAL
30-17-107-012-0000,225 154TH PL,CALUMET CITY,2943,,,4,CCLBA ‐ FOCUS COMMUNITY (SUBURBS),"$68,657.90",2-11,STRUCTURE ‐ RESIDENTIAL
30-17-109-009-0000,431 155TH ST,CALUMET CITY,3134,,,4,CCLBA ‐ FOCUS COMMUNITY (SUBURBS),"$33,784.02",2-03,STRUCTURE ‐ RESIDENTIAL
30-17-113-002-0000,445 155TH PL,CALUMET CITY,3107,,,4,CCLBA ‐ FOCUS COMMUNITY (SUBURBS),"$21,052.69",2-03,STRUCTURE ‐ RESIDENTIAL
30-17-118-030-0000,328 156TH PL,CALUMET CITY,4627,,,4,CCLBA ‐ FOCUS COMMUNITY (SUBURBS),"$40,772.95",2-03,STRUCTURE ‐ RESIDENTIAL
30-17-125-007-0000,423 157TH ST,CALUMET CITY,4395,,,4,CCLBA ‐ FOCUS COMMUNITY (SUBURBS),"$32,108.93",2-03,STRUCTURE ‐ RESIDENTIAL
30-17-131-012-0000,246 WARREN ST,CALUMET CITY,6882,,,4,CCLBA ‐ FOCUS COMMUNITY (SUBURBS),"$48,103.87",2-03,STRUCTURE ‐ RESIDENTIAL
30-17-201-007-0000,33 PULASKI RD,CALUMET CITY,4510,,,4,CCLBA ‐ FOCUS COMMUNITY (SUBURBS),"$25,258.28",2-11,STRUCTURE ‐ RESIDENTIAL
30-17-211-006-0000,27 156TH PL,CALUMET CITY,4818,,,4,CCLBA ‐ FOCUS COMMUNITY (SUBURBS),"$14,177.60",2-03,STRUCTURE ‐ RESIDENTIAL
30-17-213-006-0000,856 STATE LINE RD,CALUMET CITY,5996,,,4,CCLBA ‐ FOCUS COMMUNITY (SUBURBS),"$33,326.17",2-03,STRUCTURE ‐ RESIDENTIAL
30-17-311-012-0000,248 ELIZABETH ST,CALUMET CITY,7290,,,4,CCLBA ‐ FOCUS COMMUNITY (SUBURBS),"$38,969.57",2-03,STRUCTURE ‐ RESIDENTIAL
30-17-311-022-0000,210 ELIZABETH ST,CALUMET CITY,4554,,,4,CCLBA ‐ FOCUS COMMUNITY (SUBURBS),"$30,118.33",2-03,STRUCTURE ‐ RESIDENTIAL
30-18-208-030-0000,700 GREENBAY AVE,CALUMET CITY,1670,,,4,CCLBA ‐ FOCUS COMMUNITY (SUBURBS),"$24,990.20",2-11,STRUCTURE ‐ RESIDENTIAL
30-18-208-031-0000,700 GREENBAY AVE,CALUMET CITY,1857,,,4,CCLBA ‐ FOCUS COMMUNITY (SUBURBS),"$24,990.20",2-11,STRUCTURE ‐ RESIDENTIAL
30-19-219-075-0000,905 163RD ST,CALUMET CITY,6510,,,4,CCLBA ‐ FOCUS COMMUNITY (SUBURBS),"$37,851.17",2-03,STRUCTURE ‐ RESIDENTIAL
30-20-102-012-0000,312 SCHRUM RD,CALUMET CITY,6762,,,4,CCLBA ‐ FOCUS COMMUNITY (SUBURBS),"$23,419.37",2-03,STRUCTURE ‐ RESIDENTIAL
30-20-313-031-0000,1446 FREELAND AVE,CALUMET CITY,7468,,,4,CCLBA ‐ FOCUS COMMUNITY (SUBURBS),"$41,125.10",2-03,STRUCTURE ‐ RESIDENTIAL
30-20-316-012-0000,355 166TH ST,CALUMET CITY,12635,,,4,CCLBA ‐ FOCUS COMMUNITY (SUBURBS),"$24,871.95",2-03,STRUCTURE ‐ RESIDENTIAL
30-20-408-037-0000,1546 KENILWORTH DR,CALUMET CITY,6323,,,4,CCLBA ‐ FOCUS COMMUNITY (SUBURBS),"$23,822.58",2-03,STRUCTURE ‐ RESIDENTIAL
30-20-411-036-0000,27 165TH PL,CALUMET CITY,5123,,,4,CCLBA ‐ FOCUS COMMUNITY (SUBURBS),"$27,062.09",2-03,STRUCTURE ‐ RESIDENTIAL
32-16-123-015-0000,437 WALLACE ST,CHICAGO HEIGHTS,3765,,,5,CCLBA ‐ FOCUS COMMUNITY (SUBURBS),"$17,879.08",2-03,STRUCTURE ‐ RESIDENTIAL
32-19-319-019-0000,559 SHELLY LN,CHICAGO HEIGHTS,4980,,,5,CCLBA ‐ FOCUS COMMUNITY (SUBURBS),"$68,234.01",2-03,STRUCTURE ‐ RESIDENTIAL
32-20-416-005-0000,1539 CHICAGO RD,CHICAGO HEIGHTS,6408,,,5,CCLBA ‐ FOCUS COMMUNITY (SUBURBS),"$74,111.73",2-11,STRUCTURE ‐ RESIDENTIAL
32-21-103-001-0000,186 10TH ST,CHICAGO HEIGHTS,3319,,,5,CCLBA ‐ FOCUS COMMUNITY (SUBURBS),"$29,316.60",2-03,STRUCTURE ‐ RESIDENTIAL
32-21-103-002-0000,186 10TH ST,CHICAGO HEIGHTS,3065,,,5,CCLBA ‐ ADDITIONAL SITE AGGREGATION,"$29,316.60",2-03,STRUCTURE ‐ RESIDENTIAL
32-28-106-013-0000,144 22ND ST,CHICAGO HEIGHTS,3193,,,6,CCLBA ‐ FOCUS COMMUNITY (SUBURBS),"$69,475.11",2-11,STRUCTURE ‐ RESIDENTIAL
32-28-108-044-0000,259 23RD ST,CHICAGO HEIGHTS,3178,,,6,CCLBA ‐ FOCUS COMMUNITY (SUBURBS),"$6,546.79",2-04,STRUCTURE ‐ RESIDENTIAL
32-28-108-045-0000,259 23RD ST,CHICAGO HEIGHTS,2774,,,6,CCLBA ‐ FOCUS COMMUNITY (SUBURBS),"$15,808.81",2-04,STRUCTURE ‐ RESIDENTIAL
32-29-207-014-0000,56 MAIN ST,CHICAGO HEIGHTS,3706,,,6,CCLBA ‐ FOCUS COMMUNITY (SUBURBS),"$60,680.70",2-11,STRUCTURE ‐ RESIDENTIAL
32-29-221-017-0000,2502 CHICAGO RD,CHICAGO HEIGHTS,22961,,,6,CCLBA ‐ FOCUS COMMUNITY (SUBURBS),"$238,928.66",2-12,STRUCTURE ‐ MIXED USE
32-29-221-018-0000,2520 CHICAGO RD,CHICAGO HEIGHTS,21471,,,6,CCLBA ‐ FOCUS COMMUNITY (SUBURBS),"$952,918.96",2-12,STRUCTURE ‐ MIXED USE
32-30-107-044-0000,1887 ANDOVER CT,CHICAGO HEIGHTS,15609,,,5,CCLBA ‐ FOCUS COMMUNITY (SUBURBS),"$26,429.73",2-03,STRUCTURE ‐ RESIDENTIAL
32-30-109-017-0000,1931 ADAMS ST,CHICAGO HEIGHTS,8832,,,5,CCLBA ‐ FOCUS COMMUNITY (SUBURBS),"$10,434.73",2-03,STRUCTURE ‐ RESIDENTIAL
32-30-110-002-0000,1950 ADAMS ST,CHICAGO HEIGHTS,6831,,,5,CCLBA ‐ FOCUS COMMUNITY (SUBURBS),"$18,988.61",2-03,STRUCTURE ‐ RESIDENTIAL
32-30-110-003-0000,1946 ADAMS ST,CHICAGO HEIGHTS,6052,,,5,CCLBA ‐ FOCUS COMMUNITY (SUBURBS),"$63,605.13",2-03,STRUCTURE ‐ RESIDENTIAL
32-30-110-004-0000,1942 ADAMS ST,CHICAGO HEIGHTS,6942,,,5,CCLBA ‐ FOCUS COMMUNITY (SUBURBS),"$23,293.66",2-03,STRUCTURE ‐ RESIDENTIAL
32-30-110-009-0000,1922 ADAMS ST,CHICAGO HEIGHTS,6829,,,5,CCLBA ‐ FOCUS COMMUNITY (SUBURBS),"$14,335.02",2-03,STRUCTURE ‐ RESIDENTIAL
32-30-110-012-0000,1910 ADAMS ST,CHICAGO HEIGHTS,11921,,,5,CCLBA ‐ FOCUS COMMUNITY (SUBURBS),"$19,463.01",2-03,STRUCTURE ‐ RESIDENTIAL
32-30-111-009-0000,512 ANDOVER ST,CHICAGO HEIGHTS,6840,,,5,CCLBA ‐ FOCUS COMMUNITY (SUBURBS),"$53,923.91",2-03,STRUCTURE ‐ RESIDENTIAL
32-30-111-023-0000,541 CONCORD DR,CHICAGO HEIGHTS,9348,,,5,CCLBA ‐ FOCUS COMMUNITY (SUBURBS),"$74,960.06",2-03,STRUCTURE ‐ RESIDENTIAL
32-30-111-025-0000,1930 CONCORD DR,CHICAGO HEIGHTS,7260,,,5,CCLBA ‐ FOCUS COMMUNITY (SUBURBS),"$43,171.52",2-03,STRUCTURE ‐ RESIDENTIAL
32-30-111-038-0000,1931 REVERE ST,CHICAGO HEIGHTS,6596,,,5,CCLBA ‐ FOCUS COMMUNITY (SUBURBS),"$22,995.52",2-03,STRUCTURE ‐ RESIDENTIAL
32-30-111-040-0000,1923 REVERE ST,CHICAGO HEIGHTS,6493,,,5,CCLBA ‐ FOCUS COMMUNITY (SUBURBS),"$71,771.83",2-03,STRUCTURE ‐ RESIDENTIAL
32-30-112-007-0000,1931 CONCORD DR,CHICAGO HEIGHTS,8008,,,5,CCLBA ‐ FOCUS COMMUNITY (SUBURBS),"$34,142.66",2-03,STRUCTURE ‐ RESIDENTIAL
32-30-112-021-0000,1954 DIVISION ST,CHICAGO HEIGHTS,8186,,,5,CCLBA ‐ FOCUS COMMUNITY (SUBURBS),"$42,753.09",2-03,STRUCTURE ‐ RESIDENTIAL
32-30-213-001-0000,444 CONCORD DR,CHICAGO HEIGHTS,9283,,,5,CCLBA ‐ FOCUS COMMUNITY (SUBURBS),"$50,281.83",2-03,STRUCTURE ‐ RESIDENTIAL
16-20-427-021-0000,5844 W CERMAK RD,CICERO,3246,,,16,CCLBA ‐ COMMERCIAL/INDUSTRIAL STRUCTURES,"$76,871.62",2-12,STRUCTURE ‐ MIXED USE
16-28-413-001-0000,2801 S 49TH AVE,CICERO,3401,,,16,CCLBA ‐ RESIDENTIAL STRUCTURES,"$51,177.28",2-11,STRUCTURE ‐ RESIDENTIAL
29-02-303-001-0000,927 E 142ND ST,DOLTON,3812,,,6,CCLBA ‐ FOCUS COMMUNITY (SUBURBS),"$11,048.36",2-04,STRUCTURE ‐ RESIDENTIAL
29-02-303-003-0000,927 E 142ND ST,DOLTON,3036,,,6,CCLBA ‐ FOCUS COMMUNITY (SUBURBS),"$14,399.29",2-04,STRUCTURE ‐ RESIDENTIAL
29-02-306-017-0000,14231 MINERVA AVE,DOLTON,4885,,,6,VILLAGE OF DOLTON,"$51,405.71",2-03,STRUCTURE ‐ RESIDENTIAL
29-03-100-033-0000,215 E 138TH ST,DOLTON,8421,,,5,CCLBA ‐ FOCUS COMMUNITY (SUBURBS),"$92,711.42",2-11,STRUCTURE ‐ RESIDENTIAL
29-03-103-025-0000,13836 PARK AVE,DOLTON,6829,,,5,CCLBA ‐ FOCUS COMMUNITY (SUBURBS),"$21,027.95",2-03,STRUCTURE ‐ RESIDENTIAL
29-03-103-031-0000,13902 PARK AVE,DOLTON,6917,,,5,CCLBA ‐ FOCUS COMMUNITY (SUBURBS),"$48,577.64",2-11,STRUCTURE ‐ RESIDENTIAL
29-03-302-027-0000,245 E 143RD ST,DOLTON,4403,,,5,CCLBA ‐ FOCUS COMMUNITY (SUBURBS),"$33,268.44",2-03,STRUCTURE ‐ RESIDENTIAL
29-03-305-012-0000,408 JEFFERSON ST,DOLTON,4761,,,5,VILLAGE OF DOLTON,"$73,885.40",2-03,STRUCTURE ‐ RESIDENTIAL
29-03-310-001-0000,409 MONROE ST,DOLTON,4875,,,5,VILLAGE OF DOLTON,"$54,796.15",2-03,STRUCTURE ‐ RESIDENTIAL
29-03-310-015-0000,418 E 144

[truncated]